SN,Easting,Northing,Bed width,Bank slope,Bed elevation,Type
1,616556.013,3097760.448,6.558,0,634.298,Junction
2,616555.066,3097760.127,7.191,0,634.296,Junction
3,616554.119,3097759.805,7.927,0,634.294,Junction
4,616553.172,3097759.484,8.664,0,634.292,Junction
5,616552.225,3097759.163,9.401,0,634.29,Junction
6,616551.278,3097758.842,10.138,0,634.288,Junction
7,616550.331,3097758.521,10.874,0,634.286,Junction
8,616549.384,3097758.199,11.611,0,634.284,Junction
9,616548.437,3097757.878,12.348,0,634.282,Junction
10,616547.49,3097757.557,6.224,0,634.28,Normal
11,616546.543,3097757.236,6.224,0,634.278,Normal
12,616545.596,3097756.914,6,0,634.276,Normal
13,616544.649,3097756.593,6,0,634.274,Normal
14,616543.702,3097756.272,6,0,634.272,Normal
15,616542.755,3097755.951,6,0,634.27,Normal
16,616541.808,3097755.63,6,0,634.268,Normal
17,616540.861,3097755.308,6,0,634.266,Normal
18,616539.914,3097754.987,6,0,634.264,Normal
19,616538.967,3097754.666,6,0,634.262,Normal
20,616538.111,3097754.171,6.25,0,634.26,Normal
21,616537.311,3097753.572,6.17,0,634.258,Normal
22,616536.51,3097752.972,6.102,0,634.256,Normal
23,616535.71,3097752.372,6.052,0,634.254,Normal
24,616534.91,3097751.773,6.02,0,634.252,Normal
25,616534.109,3097751.173,6.002,0,634.25,Normal
26,616533.309,3097750.574,6.002,0,634.248,Normal
27,616532.509,3097749.974,6.016,0,634.246,Normal
28,616531.708,3097749.375,6.044,0,634.1835,Normal
29,616530.908,3097748.775,6.091,0,634.121,Normal
30,616530.108,3097748.176,6.155,0,634.0585,Normal
31,616529.307,3097747.576,6.238,0,633.996,Normal
32,616528.551,3097746.934,6,0,633.994,Normal
33,616527.977,3097746.115,6,0,633.992,Normal
34,616527.402,3097745.297,6,0,633.99,Normal
35,616526.828,3097744.478,6,0,633.988,Normal
36,616526.253,3097743.659,6,0,633.986,Normal
37,616525.679,3097742.841,6,0,633.9235,Normal
38,616525.105,3097742.022,6,0,633.861,Normal
39,616524.53,3097741.204,6,0,633.7985,Normal
40,616523.956,3097740.385,5.999,0,633.736,Normal
41,616523.381,3097739.567,5.999,0,633.734,Normal
42,616522.807,3097738.748,5.999,0,633.732,Normal
43,616522.232,3097737.93,5.999,0,633.73,Normal
44,616521.658,3097737.111,5.999,0,633.728,Normal
45,616521.083,3097736.293,5.999,0,633.726,Normal
46,616520.509,3097735.474,5.999,0,633.724,Normal
47,616519.934,3097734.656,5.999,0,633.722,Normal
48,616519.36,3097733.837,5.999,0,633.682,Normal
49,616518.786,3097733.019,5.999,0,633.642,Normal
50,616518.211,3097732.2,5.999,0,633.602,Normal
51,616517.637,3097731.381,5.993,0,633.562,Normal
52,616517.062,3097730.563,5.967,0,633.522,Normal
53,616516.488,3097729.744,5.94,0,633.482,Normal
54,616515.913,3097728.926,5.914,0,633.442,Normal
55,616515.339,3097728.107,5.888,0,633.402,Normal
56,616514.764,3097727.289,5.861,0,633.362,Normal
57,616514.19,3097726.47,5.835,0,633.322,Normal
58,616513.615,3097725.652,5.809,0,633.282,Normal
59,616513.041,3097724.833,5.782,0,633.242,Normal
60,616512.467,3097724.015,5.756,0,633.202,Normal
61,616511.892,3097723.196,5.73,0,633.162,Normal
62,616511.318,3097722.378,5.703,0,633.122,Normal
63,616510.743,3097721.559,5.677,0,633.082,Normal
64,616510.169,3097720.74,5.651,0,633.042,Normal
65,616509.594,3097719.922,5.624,0,633.002,Normal
66,616509.02,3097719.103,5.598,0,632.962,Normal
67,616508.445,3097718.285,5.572,0,632.922,Normal
68,616507.871,3097717.466,5.545,0,632.882,Normal
69,616507.296,3097716.648,5.519,0,632.842,Normal
70,616506.722,3097715.829,5.493,0,632.802,Normal
71,616506.148,3097715.011,5.466,0,632.762,Normal
72,616505.573,3097714.192,5.44,0,632.722,Normal
73,616504.999,3097713.374,5.414,0,632.682,Normal
74,616504.424,3097712.555,5.387,0,632.642,Normal
75,616503.85,3097711.737,5.361,0,632.602,Normal
76,616503.275,3097710.918,5.335,0,632.562,Normal
77,616502.701,3097710.099,5.308,0,632.56,Normal
78,616502.126,3097709.281,5.282,0,632.558,Normal
79,616501.552,3097708.462,5.256,0,632.556,Normal
80,616500.977,3097707.644,5.229,0,632.554,Normal
81,616500.403,3097706.825,5.208,0,632.552,Normal
82,616499.829,3097706.007,5.205,0,632.55,Normal
83,616499.254,3097705.188,5.202,0,632.548,Normal
84,616498.657,3097704.394,5.747,0,632.546,Normal
85,616497.781,3097703.912,5.645,0,632.544,Normal
86,616496.905,3097703.43,5.528,0,632.542,Normal
87,616496.029,3097702.948,5.433,0,632.54,Normal
88,616495.153,3097702.465,5.354,0,632.538,Normal
89,616494.277,3097701.983,5.294,0,632.536,Normal
90,616493.401,3097701.501,5.25,0,632.534,Normal
91,616492.525,3097701.019,5.218,0,632.532,Normal
92,616491.649,3097700.536,5.203,0,632.53,Normal
93,616490.773,3097700.054,5.2,0,632.528,Normal
94,616489.897,3097699.572,5.212,0,632.526,Normal
95,616489.021,3097699.089,5.237,0,632.524,Normal
96,616488.145,3097698.607,5.271,0,632.522,Normal
97,616487.269,3097698.125,5.327,0,632.52,Normal
98,616486.393,3097697.643,5.396,0,632.518,Normal
99,616485.517,3097697.16,5.482,0,632.516,Normal
100,616484.641,3097696.678,5.593,0,632.514,Normal
101,616483.765,3097696.196,5.709,0,632.512,Normal
102,616482.831,3097695.919,5.2,0,632.5115,Normal
103,616481.832,3097695.872,5.2,0,632.511,Normal
104,616480.833,3097695.824,5.2,0,632.5105,Normal
105,616479.834,3097695.776,5.2,0,632.51,Normal
106,616478.836,3097695.729,5.2,0,632.5095,Normal
107,616477.837,3097695.681,5.2,0,632.509,Normal
108,616476.838,3097695.633,5.2,0,632.5085,Normal
109,616475.839,3097695.586,5.2,0,632.508,Normal
110,616474.84,3097695.538,5.2,0,632.5075,Normal
111,616473.841,3097695.491,5.2,0,632.507,Normal
112,616472.842,3097695.443,5.2,0,632.5065,Normal
113,616471.843,3097695.395,5.2,0,632.506,Normal
114,616470.845,3097695.348,5.2,0,632.5055,Normal
115,616469.846,3097695.3,5.2,0,632.505,Normal
116,616468.847,3097695.252,5.2,0,632.5045,Normal
117,616467.848,3097695.205,5.2,0,632.504,Normal
118,616466.849,3097695.157,5.2,0,632.5035,Normal
119,616465.85,3097695.11,5.2,0,632.503,Normal
120,616464.851,3097695.062,5.2,0,632.5025,Normal
121,616463.853,3097695.014,5.2,0,632.502,Normal
122,616462.854,3097694.967,5.2,0,632.5015,Normal
123,616461.855,3097694.919,5.2,0,632.501,Normal
124,616460.856,3097694.872,5.2,0,632.5005,Normal
125,616459.857,3097694.824,5.2,0,632.5,Normal
126,616458.858,3097694.776,5.2,0,632.4995,Normal
127,616457.859,3097694.729,5.2,0,632.499,Normal
128,616456.86,3097694.681,5.2,0,632.4985,Normal
129,616455.862,3097694.633,5.2,0,632.498,Normal
130,616454.863,3097694.586,5.2,0,632.4975,Normal
131,616453.864,3097694.538,5.2,0,632.497,Normal
132,616452.865,3097694.491,5.2,0,632.4965,Normal
133,616451.866,3097694.443,5.2,0,632.496,Normal
134,616450.867,3097694.395,5.2,0,632.4955,Normal
135,616449.868,3097694.348,5.2,0,632.495,Normal
136,616448.87,3097694.3,5.2,0,632.4945,Normal
137,616447.871,3097694.253,5.2,0,632.494,Normal
138,616446.872,3097694.205,5.2,0,632.4935,Normal
139,616445.873,3097694.157,5.2,0,632.493,Normal
140,616444.874,3097694.11,5.2,0,632.4925,Normal
141,616443.875,3097694.062,5.2,0,632.492,Normal
142,616442.876,3097694.014,5.2,0,632.4915,Normal
143,616441.878,3097693.967,5.2,0,632.491,Normal
144,616440.879,3097693.919,5.2,0,632.4905,Normal
145,616439.88,3097693.872,5.2,0,632.49,Normal
146,616438.881,3097693.824,5.2,0,632.4895,Normal
147,616437.882,3097693.776,5.2,0,632.489,Normal
148,616436.883,3097693.729,5.2,0,632.4885,Normal
149,616435.884,3097693.681,5.2,0,632.488,Normal
150,616434.885,3097693.633,5.2,0,632.4875,Normal
151,616433.887,3097693.586,5.2,0,632.487,Normal
152,616432.888,3097693.538,5.2,0,632.4865,Normal
153,616431.889,3097693.491,5.2,0,632.486,Normal
154,616430.89,3097693.443,5.2,0,632.4855,Normal
155,616429.891,3097693.395,5.2,0,632.485,Normal
156,616428.892,3097693.348,5.2,0,632.4845,Normal
157,616427.893,3097693.3,5.2,0,632.484,Normal
158,616426.895,3097693.253,5.2,0,632.4835,Normal
159,616425.896,3097693.205,5.2,0,632.483,Normal
160,616424.897,3097693.157,5.2,0,632.4825,Normal
161,616423.898,3097693.11,5.2,0,632.482,Normal
162,616422.899,3097693.062,5.2,0,632.4815,Normal
163,616421.9,3097693.014,5.2,0,632.481,Normal
164,616420.901,3097692.967,5.2,0,632.4805,Normal
165,616419.902,3097692.919,5.2,0,632.48,Normal
166,616418.904,3097692.872,5.2,0,632.4795,Normal
167,616417.905,3097692.824,5.2,0,632.479,Normal
168,616416.906,3097692.776,5.2,0,632.4785,Normal
169,616415.907,3097692.729,5.2,0,632.478,Normal
170,616414.908,3097692.681,5.2,0,632.4775,Normal
171,616413.909,3097692.633,5.2,0,632.477,Normal
172,616412.91,3097692.586,5.2,0,632.4765,Normal
173,616411.912,3097692.538,5.2,0,632.476,Normal
174,616410.913,3097692.491,5.2,0,632.4755,Normal
175,616409.914,3097692.443,5.2,0,632.475,Normal
176,616408.915,3097692.395,5.2,0,632.4745,Normal
177,616407.916,3097692.348,5.2,0,632.474,Normal
178,616406.917,3097692.3,5.2,0,632.4735,Normal
179,616405.918,3097692.253,5.2,0,632.473,Normal
180,616404.919,3097692.205,5.2,0,632.4725,Normal
181,616403.921,3097692.157,5.2,0,632.472,Normal
182,616402.922,3097692.11,5.2,0,632.4715,Normal
183,616401.923,3097692.062,5.2,0,632.471,Normal
184,616400.924,3097692.014,5.2,0,632.4705,Normal
185,616399.925,3097691.967,5.2,0,632.47,Normal
186,616398.926,3097691.919,5.2,0,632.4695,Normal
187,616397.927,3097691.872,5.2,0,632.469,Normal
188,616396.929,3097691.824,5.2,0,632.4685,Normal
189,616395.93,3097691.776,5.2,0,632.468,Normal
190,616394.931,3097691.729,5.2,0,632.4675,Normal
191,616393.932,3097691.681,5.2,0,632.467,Normal
192,616392.933,3097691.633,5.2,0,632.4665,Normal
193,616391.934,3097691.586,5.2,0,632.466,Normal
194,616390.935,3097691.538,5.2,0,632.4655,Normal
195,616389.936,3097691.491,5.2,0,632.465,Normal
196,616388.938,3097691.443,5.2,0,632.4645,Normal
197,616387.939,3097691.395,5.2,0,632.464,Normal
198,616386.94,3097691.348,5.2,0,632.4635,Normal
199,616385.941,3097691.3,5.2,0,632.463,Normal
200,616384.942,3097691.253,5.2,0,632.4625,Normal
201,616383.943,3097691.205,5.2,0,632.462,Normal
202,616382.944,3097691.157,5.2,0,632.4615,Normal
203,616381.946,3097691.11,5.2,0,632.461,Normal
204,616380.947,3097691.062,5.2,0,632.4605,Normal
205,616379.948,3097691.014,5.2,0,632.46,Normal
206,616378.949,3097690.967,5.2,0,632.4595,Normal
207,616377.95,3097690.919,5.2,0,632.459,Normal
208,616376.951,3097690.872,5.2,0,632.4585,Normal
209,616375.952,3097690.824,5.2,0,632.458,Normal
210,616374.954,3097690.776,5.2,0,632.4575,Normal
211,616373.955,3097690.729,5.2,0,632.457,Normal
212,616372.956,3097690.681,5.2,0,632.4565,Normal
213,616371.957,3097690.633,5.2,0,632.456,Normal
214,616370.958,3097690.586,5.2,0,632.4555,Normal
215,616369.959,3097690.538,5.2,0,632.455,Normal
216,616368.96,3097690.491,5.2,0,632.4545,Normal
217,616367.961,3097690.443,5.2,0,632.454,Normal
218,616366.963,3097690.395,5.2,0,632.4535,Normal
219,616365.964,3097690.348,5.2,0,632.453,Normal
220,616364.965,3097690.3,5.2,0,632.4525,Normal
221,616363.966,3097690.253,5.2,0,632.452,Normal
222,616362.967,3097690.205,5.2,0,632.4515,Normal
223,616361.968,3097690.157,5.2,0,632.451,Normal
224,616360.969,3097690.11,5.2,0,632.4505,Normal
225,616359.971,3097690.062,5.2,0,632.45,Normal
226,616358.972,3097690.014,5.2,0,632.4495,Normal
227,616357.973,3097689.967,5.2,0,632.449,Normal
228,616356.974,3097689.919,5.2,0,632.4485,Normal
229,616355.975,3097689.872,5.2,0,632.448,Normal
230,616354.976,3097689.824,5.2,0,632.4475,Normal
231,616353.977,3097689.776,5.2,0,632.447,Normal
232,616352.978,3097689.729,5.2,0,632.4465,Normal
233,616351.98,3097689.681,5.2,0,632.446,Normal
234,616350.981,3097689.633,5.2,0,632.4455,Normal
235,616349.982,3097689.586,5.2,0,632.445,Normal
236,616348.983,3097689.538,5.2,0,632.4445,Normal
237,616347.984,3097689.491,5.2,0,632.444,Normal
238,616346.985,3097689.443,5.2,0,632.4435,Normal
239,616345.986,3097689.395,5.2,0,632.443,Normal
240,616344.988,3097689.348,5.2,0,632.4425,Normal
241,616343.989,3097689.3,5.2,0,632.442,Normal
242,616342.99,3097689.253,5.2,0,632.4415,Normal
243,616341.991,3097689.205,5.2,0,632.441,Normal
244,616340.992,3097689.157,5.2,0,632.4405,Normal
245,616340.116,3097688.72,4.796,0,632.44,Normal
246,616339.27,3097688.187,4.527,0,632.4395,Normal
247,616338.424,3097687.654,4.527,0,632.439,Normal
248,616337.578,3097687.12,4.527,0,632.4385,Normal
249,616336.732,3097686.587,4.527,0,632.438,Normal
250,616335.885,3097686.054,4.527,0,632.4375,Normal
251,616335.039,3097685.521,4.527,0,632.437,Normal
252,616334.193,3097684.988,4.527,0,632.4365,Normal
253,616333.347,3097684.455,4.527,0,632.436,Normal
254,616332.501,3097683.922,4.527,0,632.4355,Normal
255,616331.655,3097683.389,4.527,0,632.435,Normal
256,616330.809,3097682.856,4.527,0,632.4345,Normal
257,616329.963,3097682.323,4.527,0,632.434,Normal
258,616329.117,3097681.79,4.527,0,632.4335,Normal
259,616328.271,3097681.257,4.527,0,632.433,Normal
260,616327.424,3097680.724,4.527,0,632.4325,Normal
261,616326.578,3097680.191,4.527,0,632.432,Normal
262,616325.732,3097679.658,4.527,0,632.4315,Normal
263,616324.886,3097679.125,4.527,0,632.431,Normal
264,616324.04,3097678.592,4.527,0,632.4305,Normal
265,616323.194,3097678.059,4.527,0,632.43,Normal
266,616322.348,3097677.526,4.527,0,632.4295,Normal
267,616321.502,3097676.993,4.527,0,632.429,Normal
268,616320.656,3097676.46,4.527,0,632.4285,Normal
269,616319.81,3097675.927,4.527,0,632.428,Normal
270,616318.964,3097675.394,4.527,0,632.4275,Normal
271,616318.117,3097674.861,4.527,0,632.427,Normal
272,616317.271,3097674.328,4.527,0,632.4265,Normal
273,616316.425,3097673.795,4.527,0,632.426,Normal
274,616315.579,3097673.262,4.527,0,632.4255,Normal
275,616314.733,3097672.729,4.527,0,632.425,Normal
276,616313.887,3097672.196,4.527,0,632.4245,Normal
277,616313.041,3097671.663,4.527,0,632.424,Normal
278,616312.195,3097671.13,4.527,0,632.4235,Normal
279,616311.349,3097670.597,4.527,0,632.423,Normal
280,616310.503,3097670.064,4.527,0,632.4225,Normal
281,616309.656,3097669.531,4.527,0,632.422,Normal
282,616308.81,3097668.998,4.527,0,632.4215,Normal
283,616307.964,3097668.465,4.93,0,632.421,Normal
284,616307.279,3097667.781,5.2,0,632.4205,Normal
285,616306.805,3097666.901,5.2,0,632.42,Normal
286,616306.331,3097666.02,5.2,0,632.4195,Normal
287,616305.857,3097665.14,5.2,0,632.419,Normal
288,616305.382,3097664.259,5.2,0,632.4185,Normal
289,616304.908,3097663.379,5.2,0,632.418,Normal
290,616304.434,3097662.499,5.2,0,632.4175,Normal
291,616303.96,3097661.618,5.2,0,632.417,Normal
292,616303.485,3097660.738,5.2,0,632.4165,Normal
293,616303.011,3097659.857,5.2,0,632.416,Normal
294,616302.537,3097658.977,5.2,0,632.4155,Normal
295,616302.063,3097658.097,5.2,0,632.415,Normal
296,616301.588,3097657.216,5.2,0,632.4145,Normal
297,616301.114,3097656.336,5.2,0,632.414,Normal
298,616300.64,3097655.455,5.2,0,632.4135,Normal
299,616300.166,3097654.575,5.2,0,632.413,Normal
300,616299.692,3097653.695,5.2,0,632.4125,Normal
301,616299.217,3097652.814,5.2,0,632.412,Normal
302,616298.743,3097651.934,5.2,0,632.4115,Normal
303,616298.269,3097651.053,5.2,0,632.411,Normal
304,616297.795,3097650.173,5.2,0,632.4105,Normal
305,616297.32,3097649.293,5.2,0,632.41,Normal
306,616296.846,3097648.412,5.2,0,632.4095,Normal
307,616296.372,3097647.532,5.2,0,632.409,Normal
308,616295.898,3097646.651,5.2,0,632.4085,Normal
309,616295.423,3097645.771,5.2,0,632.408,Normal
310,616294.949,3097644.891,5.2,0,632.4075,Normal
311,616294.475,3097644.01,5.2,0,632.407,Normal
312,616294.001,3097643.13,5.2,0,632.4065,Normal
313,616293.527,3097642.249,5.2,0,632.406,Normal
314,616293.052,3097641.369,5.2,0,632.4055,Normal
315,616292.578,3097640.489,5.2,0,632.405,Normal
316,616292.104,3097639.608,5.2,0,632.4045,Normal
317,616291.63,3097638.728,5.2,0,632.404,Normal
318,616291.155,3097637.847,5.2,0,632.4035,Normal
319,616290.681,3097636.967,5.2,0,632.403,Normal
320,616290.207,3097636.087,5.2,0,632.4025,Normal
321,616289.733,3097635.206,5.2,0,632.402,Normal
322,616289.258,3097634.326,5.2,0,632.4015,Normal
323,616288.784,3097633.445,5.2,0,632.401,Normal
324,616288.31,3097632.565,5.2,0,632.4005,Normal
325,616287.836,3097631.685,5.2,0,632.4,Normal
326,616287.362,3097630.804,5.2,0,632.3995,Normal
327,616286.887,3097629.924,5.2,0,632.399,Normal
328,616286.413,3097629.043,5.2,0,632.3985,Normal
329,616285.939,3097628.163,5.2,0,632.398,Normal
330,616285.465,3097627.283,5.2,0,632.3975,Normal
331,616284.99,3097626.402,5.2,0,632.397,Normal
332,616284.516,3097625.522,5.2,0,632.3965,Normal
333,616284.042,3097624.641,5.2,0,632.396,Normal
334,616283.568,3097623.761,5.2,0,632.3955,Normal
335,616283.093,3097622.881,5.2,0,632.395,Normal
336,616282.619,3097622,5.2,0,632.3945,Normal
337,616282.145,3097621.12,5.2,0,632.394,Normal
338,616281.671,3097620.239,5.2,0,632.3935,Normal
339,616281.197,3097619.359,5.2,0,632.393,Normal
340,616280.722,3097618.479,5.2,0,632.3925,Normal
341,616280.248,3097617.598,5.2,0,632.392,Normal
342,616279.774,3097616.718,5.2,0,632.3915,Normal
343,616279.3,3097615.837,5.2,0,632.391,Normal
344,616278.825,3097614.957,5.2,0,632.3905,Normal
345,616278.351,3097614.077,5.2,0,632.39,Normal
346,616277.877,3097613.196,5.2,0,632.3895,Normal
347,616277.403,3097612.316,5.2,0,632.389,Normal
348,616276.928,3097611.435,5.2,0,632.3885,Normal
349,616276.454,3097610.555,5.2,0,632.388,Normal
350,616275.98,3097609.675,5.2,0,632.3875,Normal
351,616275.506,3097608.794,5.2,0,632.387,Normal
352,616275.032,3097607.914,5.2,0,632.3865,Normal
353,616274.557,3097607.033,5.2,0,632.386,Normal
354,616274.083,3097606.153,5.2,0,632.3855,Normal
355,616273.609,3097605.273,5.2,0,632.385,Normal
356,616273.135,3097604.392,5.2,0,632.3845,Normal
357,616272.66,3097603.512,5.2,0,632.384,Normal
358,616272.186,3097602.631,5.2,0,632.3835,Normal
359,616271.712,3097601.751,5.2,0,632.383,Normal
360,616271.238,3097600.871,5.2,0,632.3825,Normal
361,616270.763,3097599.99,5.2,0,632.382,Normal
362,616270.289,3097599.11,5.2,0,632.3815,Normal
363,616269.815,3097598.229,5.2,0,632.381,Normal
364,616269.341,3097597.349,5.2,0,632.3805,Normal
365,616268.867,3097596.469,5.2,0,632.38,Normal
366,616268.392,3097595.588,5.2,0,632.3795,Normal
367,616267.918,3097594.708,5.2,0,632.379,Normal
368,616267.444,3097593.827,5.2,0,632.3785,Normal
369,616266.97,3097592.947,5.2,0,632.378,Normal
370,616266.495,3097592.067,5.2,0,632.3775,Normal
371,616266.021,3097591.186,5.2,0,632.377,Normal
372,616265.547,3097590.306,5.2,0,632.3765,Normal
373,616265.073,3097589.425,5.2,0,632.376,Normal
374,616264.598,3097588.545,5.2,0,632.3755,Normal
375,616264.124,3097587.665,5.2,0,632.375,Normal
376,616263.65,3097586.784,5.2,0,632.3745,Normal
377,616263.176,3097585.904,5.2,0,632.374,Normal
378,616262.702,3097585.023,5.2,0,632.3735,Normal
379,616262.227,3097584.143,5.2,0,632.373,Normal
380,616261.753,3097583.263,5.2,0,632.3725,Normal
381,616261.279,3097582.382,5.2,0,632.372,Normal
382,616260.805,3097581.502,5.2,0,632.3715,Normal
383,616260.33,3097580.621,5.2,0,632.371,Normal
384,616259.856,3097579.741,5.2,0,632.3705,Normal
385,616259.382,3097578.861,5.2,0,632.37,Normal
386,616258.908,3097577.98,5.2,0,632.3695,Normal
387,616258.433,3097577.1,5.2,0,632.369,Normal
388,616257.959,3097576.219,5.2,0,632.3685,Normal
389,616257.485,3097575.339,5.2,0,632.368,Normal
390,616257.011,3097574.459,5.2,0,632.3675,Normal
391,616256.537,3097573.578,5.2,0,632.367,Normal
392,616256.062,3097572.698,5.2,0,632.3665,Normal
393,616255.588,3097571.817,5.2,0,632.366,Normal
394,616255.114,3097570.937,5.2,0,632.3655,Normal
395,616254.64,3097570.057,5.2,0,632.365,Normal
396,616254.165,3097569.176,5.2,0,632.3645,Normal
397,616253.691,3097568.296,5.2,0,632.364,Normal
398,616253.217,3097567.415,5.2,0,632.3635,Normal
399,616252.743,3097566.535,5.2,0,632.363,Normal
400,616252.268,3097565.655,5.2,0,632.3625,Normal
401,616251.794,3097564.774,5.2,0,632.362,Normal
402,616251.32,3097563.894,5.2,0,632.3615,Normal
403,616250.846,3097563.013,5.2,0,632.361,Normal
404,616250.372,3097562.133,5.2,0,632.3605,Normal
405,616249.897,3097561.253,5.2,0,632.36,Normal
406,616249.423,3097560.372,5.2,0,632.3595,Normal
407,616248.949,3097559.492,5.2,0,632.359,Normal
408,616248.475,3097558.611,5.2,0,632.3585,Normal
409,616248,3097557.731,5.2,0,632.358,Normal
410,616247.526,3097556.851,5.2,0,632.3575,Normal
411,616247.052,3097555.97,5.2,0,632.357,Normal
412,616246.578,3097555.09,5.2,0,632.3565,Normal
413,616246.103,3097554.209,5.2,0,632.356,Normal
414,616245.629,3097553.329,5.2,0,632.3555,Normal
415,616245.155,3097552.449,5.2,0,632.355,Normal
416,616244.681,3097551.568,5.2,0,632.3545,Normal
417,616244.207,3097550.688,5.2,0,632.354,Normal
418,616243.732,3097549.807,5.2,0,632.3535,Normal
419,616243.258,3097548.927,5.2,0,632.353,Normal
420,616242.784,3097548.047,5.2,0,632.3525,Normal
421,616242.31,3097547.166,5.2,0,632.352,Normal
422,616241.835,3097546.286,5.2,0,632.3515,Normal
423,616241.361,3097545.405,5.2,0,632.351,Normal
424,616240.887,3097544.525,5.2,0,632.3505,Normal
425,616240.413,3097543.645,5.2,0,632.35,Normal
426,616239.938,3097542.764,5.2,0,632.3495,Normal
427,616239.464,3097541.884,5.2,0,632.349,Normal
428,616238.99,3097541.003,5.2,0,632.3485,Normal
429,616238.516,3097540.123,5.2,0,632.348,Normal
430,616238.042,3097539.243,5.2,0,632.3475,Normal
431,616237.567,3097538.362,5.2,0,632.347,Normal
432,616237.093,3097537.482,5.2,0,632.3465,Normal
433,616236.619,3097536.601,5.2,0,632.346,Normal
434,616236.145,3097535.721,5.2,0,632.3455,Normal
435,616235.67,3097534.841,5.2,0,632.345,Normal
436,616235.196,3097533.96,5.2,0,632.3445,Normal
437,616234.722,3097533.08,5.2,0,632.344,Normal
438,616234.248,3097532.199,5.2,0,632.3435,Normal
439,616233.773,3097531.319,5.2,0,632.343,Normal
440,616233.299,3097530.439,5.2,0,632.3425,Normal
441,616232.825,3097529.558,5.2,0,632.342,Normal
442,616232.351,3097528.678,5.2,0,632.3415,Normal
443,616231.877,3097527.797,5.2,0,632.341,Normal
444,616231.402,3097526.917,5.2,0,632.3405,Normal
445,616230.928,3097526.037,5.2,0,632.34,Normal
446,616230.454,3097525.156,5.2,0,632.3395,Normal
447,616229.98,3097524.276,5.2,0,632.339,Normal
448,616229.505,3097523.395,5.2,0,632.3385,Normal
449,616229.031,3097522.515,5.2,0,632.338,Normal
450,616228.557,3097521.635,5.2,0,632.3375,Normal
451,616228.083,3097520.754,5.2,0,632.337,Normal
452,616227.608,3097519.874,5.2,0,632.3365,Normal
453,616227.134,3097518.993,5.2,0,632.336,Normal
454,616226.66,3097518.113,5.2,0,632.3355,Normal
455,616226.186,3097517.233,5.2,0,632.335,Normal
456,616225.712,3097516.352,5.2,0,632.3345,Normal
457,616225.237,3097515.472,5.2,0,632.334,Normal
458,616224.763,3097514.591,5.2,0,632.3335,Normal
459,616224.289,3097513.711,5.2,0,632.333,Normal
460,616223.815,3097512.831,5.2,0,632.3325,Normal
461,616223.34,3097511.95,5.2,0,632.332,Normal
462,616222.866,3097511.07,5.2,0,632.3315,Normal
463,616222.392,3097510.189,5.2,0,632.331,Normal
464,616221.918,3097509.309,5.2,0,632.3305,Normal
465,616221.443,3097508.429,5.2,0,632.33,Normal
466,616220.969,3097507.548,5.2,0,632.3295,Normal
467,616220.495,3097506.668,5.2,0,632.329,Normal
468,616220.021,3097505.787,5.2,0,632.3285,Normal
469,616219.546,3097504.907,5.2,0,632.328,Normal
470,616219.072,3097504.027,5.2,0,632.3275,Normal
471,616218.598,3097503.146,5.2,0,632.327,Normal
472,616218.124,3097502.266,5.2,0,632.3265,Normal
473,616217.65,3097501.385,5.2,0,632.326,Normal
474,616217.175,3097500.505,5.2,0,632.3255,Normal
475,616216.701,3097499.625,5.2,0,632.325,Normal
476,616216.227,3097498.744,5.2,0,632.3245,Normal
477,616215.753,3097497.864,5.2,0,632.324,Normal
478,616215.278,3097496.983,5.2,0,632.3235,Normal
479,616214.804,3097496.103,5.2,0,632.323,Normal
480,616214.33,3097495.223,5.2,0,632.3225,Normal
481,616213.856,3097494.342,5.2,0,632.322,Normal
482,616213.381,3097493.462,5.2,0,632.3215,Normal
483,616212.907,3097492.581,5.2,0,632.321,Normal
484,616212.433,3097491.701,5.2,0,632.3205,Normal
485,616211.959,3097490.821,5.2,0,632.32,Normal
486,616211.485,3097489.94,5.2,0,632.3195,Normal
487,616211.01,3097489.06,5.2,0,632.319,Normal
488,616210.536,3097488.179,5.2,0,632.3185,Normal
489,616210.062,3097487.299,5.2,0,632.318,Normal
490,616209.588,3097486.419,5.2,0,632.3175,Normal
491,616209.113,3097485.538,5.2,0,632.317,Normal
492,616208.639,3097484.658,5.2,0,632.3165,Normal
493,616208.165,3097483.777,5.2,0,632.316,Normal
494,616207.691,3097482.897,5.2,0,632.3155,Normal
495,616207.216,3097482.017,5.2,0,632.315,Normal
496,616206.742,3097481.136,5.2,0,632.3145,Normal
497,616206.268,3097480.256,5.2,0,632.314,Normal
498,616205.794,3097479.375,5.2,0,632.3135,Normal
499,616205.32,3097478.495,5.2,0,632.313,Normal
500,616204.845,3097477.615,5.2,0,632.3125,Normal
501,616204.371,3097476.734,5.2,0,632.312,Normal
502,616203.897,3097475.854,5.2,0,632.3115,Normal
503,616203.423,3097474.973,5.2,0,632.311,Normal
504,616202.948,3097474.093,5.2,0,632.3105,Normal
505,616202.474,3097473.213,5.2,0,632.31,Normal
506,616202,3097472.332,5.2,0,632.3095,Normal
507,616201.526,3097471.452,5.2,0,632.309,Normal
508,616201.051,3097470.571,5.2,0,632.3085,Normal
509,616200.577,3097469.691,5.2,0,632.308,Normal
510,616200.103,3097468.811,5.2,0,632.3075,Normal
511,616199.629,3097467.93,5.2,0,632.307,Normal
512,616199.155,3097467.05,5.2,0,632.3065,Normal
513,616198.68,3097466.169,5.2,0,632.306,Normal
514,616198.206,3097465.289,5.2,0,632.3055,Normal
515,616197.732,3097464.409,5.2,0,632.305,Normal
516,616197.258,3097463.528,5.2,0,632.3045,Normal
517,616196.783,3097462.648,5.2,0,632.304,Normal
518,616196.309,3097461.767,5.2,0,632.3035,Normal
519,616195.835,3097460.887,5.2,0,632.303,Normal
520,616195.361,3097460.007,5.2,0,632.3025,Normal
521,616194.886,3097459.126,5.2,0,632.302,Normal
522,616194.412,3097458.246,5.2,0,632.3015,Normal
523,616193.938,3097457.365,5.2,0,632.301,Normal
524,616193.464,3097456.485,5.2,0,632.3005,Normal
525,616192.99,3097455.605,5.2,0,632.3,Normal
526,616192.515,3097454.724,5.2,0,632.2995,Normal
527,616192.041,3097453.844,5.2,0,632.299,Normal
528,616191.567,3097452.963,5.2,0,632.2985,Normal
529,616191.093,3097452.083,5.2,0,632.298,Normal
530,616190.618,3097451.203,5.2,0,632.2975,Normal
531,616190.144,3097450.322,5.2,0,632.297,Normal
532,616189.67,3097449.442,5.2,0,632.2965,Normal
533,616189.196,3097448.561,5.2,0,632.296,Normal
534,616188.721,3097447.681,5.2,0,632.2955,Normal
535,616188.247,3097446.801,5.2,0,632.295,Normal
536,616187.773,3097445.92,5.2,0,632.2945,Normal
537,616187.299,3097445.04,5.2,0,632.294,Normal
538,616186.825,3097444.159,5.2,0,632.2935,Normal
539,616186.35,3097443.279,5.2,0,632.293,Normal
540,616185.876,3097442.399,5.2,0,632.2925,Normal
541,616185.402,3097441.518,5.2,0,632.292,Normal
542,616184.928,3097440.638,5.2,0,632.2915,Normal
543,616184.453,3097439.757,5.2,0,632.291,Normal
544,616183.979,3097438.877,5.2,0,632.2905,Normal
545,616183.505,3097437.997,5.2,0,632.29,Normal
546,616183.031,3097437.116,5.2,0,632.2895,Normal
547,616182.556,3097436.236,5.2,0,632.289,Normal
548,616182.082,3097435.355,5.2,0,632.2885,Normal
549,616181.608,3097434.475,5.2,0,632.288,Normal
550,616181.134,3097433.595,5.2,0,632.2875,Normal
551,616180.66,3097432.714,5.2,0,632.287,Normal
552,616180.185,3097431.834,5.2,0,632.2865,Normal
553,616179.711,3097430.953,5.2,0,632.286,Normal
554,616179.237,3097430.073,5.2,0,632.2855,Normal
555,616178.763,3097429.193,5.2,0,632.285,Normal
556,616178.288,3097428.312,5.2,0,632.2845,Normal
557,616177.814,3097427.432,5.2,0,632.284,Normal
558,616177.34,3097426.551,5.2,0,632.2835,Normal
559,616176.866,3097425.671,5.2,0,632.283,Normal
560,616176.391,3097424.791,5.2,0,632.2825,Normal
561,616175.917,3097423.91,5.2,0,632.282,Normal
562,616175.443,3097423.03,5.2,0,632.2815,Normal
563,616174.969,3097422.149,5.2,0,632.281,Normal
564,616174.495,3097421.269,5.2,0,632.2805,Normal
565,616174.02,3097420.389,5.2,0,632.28,Normal
566,616173.546,3097419.508,5.2,0,632.2795,Normal
567,616173.072,3097418.628,5.2,0,632.279,Normal
568,616172.598,3097417.747,5.2,0,632.2785,Normal
569,616172.123,3097416.867,5.2,0,632.278,Normal
570,616171.649,3097415.987,5.2,0,632.2775,Normal
571,616171.175,3097415.106,5.2,0,632.277,Normal
572,616170.701,3097414.226,5.2,0,632.2765,Normal
573,616170.226,3097413.345,5.2,0,632.276,Normal
574,616169.752,3097412.465,5.2,0,632.2755,Normal
575,616169.278,3097411.585,5.2,0,632.275,Normal
576,616168.804,3097410.704,5.2,0,632.2745,Normal
577,616168.33,3097409.824,5.2,0,632.274,Normal
578,616167.855,3097408.943,5.2,0,632.2735,Normal
579,616167.381,3097408.063,5.2,0,632.273,Normal
580,616166.907,3097407.183,5.2,0,632.2725,Normal
581,616166.433,3097406.302,5.2,0,632.272,Normal
582,616165.958,3097405.422,5.2,0,632.2715,Normal
583,616165.484,3097404.541,5.2,0,632.271,Normal
584,616165.01,3097403.661,5.2,0,632.2705,Normal
585,616164.536,3097402.781,5.2,0,632.27,Normal
586,616164.061,3097401.9,5.2,0,632.2695,Normal
587,616163.587,3097401.02,5.2,0,632.269,Normal
588,616163.113,3097400.139,5.2,0,632.2685,Normal
589,616162.639,3097399.259,5.2,0,632.268,Normal
590,616162.165,3097398.379,5.2,0,632.2675,Normal
591,616161.69,3097397.498,5.2,0,632.267,Normal
592,616161.216,3097396.618,5.2,0,632.2665,Normal
593,616160.742,3097395.737,5.2,0,632.266,Normal
594,616160.268,3097394.857,5.2,0,632.2655,Normal
595,616159.793,3097393.977,5.2,0,632.265,Normal
596,616159.319,3097393.096,5.2,0,632.2645,Normal
597,616158.845,3097392.216,5.2,0,632.264,Normal
598,616158.371,3097391.335,5.2,0,632.2635,Normal
599,616157.896,3097390.455,5.2,0,632.263,Normal
600,616157.422,3097389.575,5.2,0,632.2625,Normal
601,616156.948,3097388.694,5.2,0,632.262,Normal
602,616156.474,3097387.814,5.2,0,632.2615,Normal
603,616156,3097386.933,5.2,0,632.261,Normal
604,616155.525,3097386.053,5.2,0,632.2605,Normal
605,616155.051,3097385.173,5.2,0,632.26,Normal
606,616154.577,3097384.292,5.2,0,632.2595,Normal
607,616154.103,3097383.412,5.2,0,632.259,Normal
608,616153.628,3097382.531,5.2,0,632.2585,Normal
609,616153.154,3097381.651,5.2,0,632.258,Normal
610,616152.68,3097380.771,5.2,0,632.2575,Normal
611,616152.206,3097379.89,5.2,0,632.257,Normal
612,616151.731,3097379.01,5.2,0,632.2565,Normal
613,616151.257,3097378.129,5.2,0,632.256,Normal
614,616150.783,3097377.249,5.2,0,632.2555,Normal
615,616150.309,3097376.369,5.2,0,632.255,Normal
616,616149.835,3097375.488,5.2,0,632.2545,Normal
617,616149.36,3097374.608,5.2,0,632.254,Normal
618,616148.886,3097373.727,5.2,0,632.2535,Normal
619,616148.412,3097372.847,5.2,0,632.253,Normal
620,616147.938,3097371.967,5.2,0,632.2525,Normal
621,616147.463,3097371.086,5.2,0,632.252,Normal
622,616146.989,3097370.206,5.2,0,632.2515,Normal
623,616146.515,3097369.325,5.2,0,632.251,Normal
624,616146.041,3097368.445,5.2,0,632.2505,Normal
625,616145.566,3097367.565,5.2,0,632.25,Normal
626,616145.092,3097366.684,5.2,0,632.2495,Normal
627,616144.618,3097365.804,5.2,0,632.249,Normal
628,616144.144,3097364.923,5.2,0,632.2485,Normal
629,616143.67,3097364.043,5.2,0,632.248,Normal
630,616143.195,3097363.163,5.2,0,632.2475,Normal
631,616142.721,3097362.282,5.2,0,632.247,Normal
632,616142.247,3097361.402,5.2,0,632.2465,Normal
633,616141.773,3097360.521,5.2,0,632.246,Normal
634,616141.298,3097359.641,5.2,0,632.2455,Normal
635,616140.824,3097358.761,5.2,0,632.245,Normal
636,616140.35,3097357.88,5.2,0,632.2445,Normal
637,616139.876,3097357,5.2,0,632.244,Normal
638,616139.401,3097356.119,5.2,0,632.2435,Normal
639,616138.927,3097355.239,5.2,0,632.243,Normal
640,616138.453,3097354.359,5.2,0,632.2425,Normal
641,616137.979,3097353.478,5.2,0,632.242,Normal
642,616137.505,3097352.598,5.2,0,632.2415,Normal
643,616137.03,3097351.717,5.2,0,632.241,Normal
644,616136.556,3097350.837,5.2,0,632.2405,Normal
645,616136.082,3097349.957,5.2,0,632.24,Normal
646,616135.608,3097349.076,5.2,0,632.2395,Normal
647,616135.133,3097348.196,5.2,0,632.239,Normal
648,616134.659,3097347.315,5.2,0,632.2385,Normal
649,616134.185,3097346.435,5.2,0,632.238,Normal
650,616133.711,3097345.555,5.2,0,632.2375,Normal
651,616133.236,3097344.674,5.2,0,632.237,Normal
652,616132.762,3097343.794,5.2,0,632.2365,Normal
653,616132.288,3097342.913,5.2,0,632.236,Normal
654,616131.814,3097342.033,5.2,0,632.2355,Normal
655,616131.34,3097341.153,5.2,0,632.235,Normal
656,616130.865,3097340.272,5.2,0,632.2345,Normal
657,616130.391,3097339.392,5.2,0,632.234,Normal
658,616129.917,3097338.511,5.2,0,632.2335,Normal
659,616129.443,3097337.631,5.2,0,632.233,Normal
660,616128.968,3097336.751,5.2,0,632.2325,Normal
661,616128.494,3097335.87,5.2,0,632.232,Normal
662,616128.02,3097334.99,5.2,0,632.2315,Normal
663,616127.546,3097334.109,5.2,0,632.231,Normal
664,616127.071,3097333.229,5.2,0,632.2305,Normal
665,616126.597,3097332.349,5.2,0,632.23,Normal
666,616126.123,3097331.468,5.2,0,632.2295,Normal
667,616125.649,3097330.588,5.2,0,632.229,Normal
668,616125.175,3097329.707,5.2,0,632.2285,Normal
669,616124.7,3097328.827,5.2,0,632.228,Normal
670,616124.226,3097327.947,5.2,0,632.2275,Normal
671,616123.752,3097327.066,5.2,0,632.227,Normal
672,616123.278,3097326.186,5.2,0,632.2265,Normal
673,616122.803,3097325.305,5.2,0,632.226,Normal
674,616122.329,3097324.425,5.2,0,632.2255,Normal
675,616121.855,3097323.545,5.2,0,632.225,Normal
676,616121.381,3097322.664,5.2,0,632.2245,Normal
677,616120.906,3097321.784,5.2,0,632.224,Normal
678,616120.432,3097320.903,5.2,0,632.2235,Normal
679,616119.958,3097320.023,5.2,0,632.223,Normal
680,616119.484,3097319.143,5.2,0,632.2225,Normal
681,616119.01,3097318.262,5.2,0,632.222,Normal
682,616118.535,3097317.382,5.2,0,632.2215,Normal
683,616118.061,3097316.501,5.2,0,632.221,Normal
684,616117.587,3097315.621,5.2,0,632.2205,Normal
685,616117.113,3097314.741,5.2,0,632.22,Normal
686,616116.638,3097313.86,5.2,0,632.2195,Normal
687,616116.164,3097312.98,5.2,0,632.219,Normal
688,616115.69,3097312.099,5.2,0,632.2185,Normal
689,616115.216,3097311.219,5.2,0,632.218,Normal
690,616114.741,3097310.339,5.2,0,632.2175,Normal
691,616114.267,3097309.458,5.2,0,632.217,Normal
692,616113.793,3097308.578,5.2,0,632.2165,Normal
693,616113.319,3097307.697,5.2,0,632.216,Normal
694,616112.845,3097306.817,5.2,0,632.2155,Normal
695,616112.37,3097305.937,5.2,0,632.215,Normal
696,616111.896,3097305.056,5.2,0,632.2145,Normal
697,616111.422,3097304.176,5.2,0,632.214,Normal
698,616110.948,3097303.295,5.2,0,632.2135,Normal
699,616110.473,3097302.415,5.2,0,632.213,Normal
700,616109.999,3097301.535,5.2,0,632.2125,Normal
701,616109.525,3097300.654,5.2,0,632.212,Normal
702,616109.051,3097299.774,5.2,0,632.2115,Normal
703,616108.576,3097298.893,5.2,0,632.211,Normal
704,616108.102,3097298.013,5.2,0,632.2105,Normal
705,616107.628,3097297.133,5.2,0,632.21,Normal
706,616107.154,3097296.252,5.2,0,632.2095,Normal
707,616106.68,3097295.372,5.2,0,632.209,Normal
708,616106.205,3097294.491,5.2,0,632.2085,Normal
709,616105.731,3097293.611,5.2,0,632.208,Normal
710,616105.257,3097292.731,5.2,0,632.2075,Normal
711,616104.783,3097291.85,5.2,0,632.207,Normal
712,616104.308,3097290.97,5.2,0,632.2065,Normal
713,616103.834,3097290.089,5.2,0,632.206,Normal
714,616103.36,3097289.209,5.2,0,632.2055,Normal
715,616103.053,3097288.262,5.067,0,632.205,Normal
716,616102.788,3097287.297,5.067,0,632.2045,Normal
717,616102.523,3097286.333,5.067,0,632.204,Normal
718,616102.259,3097285.369,5.067,0,632.2035,Normal
719,616101.994,3097284.404,5.067,0,632.203,Normal
720,616101.73,3097283.44,5.067,0,632.2025,Normal
721,616101.465,3097282.475,5.067,0,632.202,Normal
722,616101.2,3097281.511,5.067,0,632.2015,Normal
723,616100.936,3097280.547,5.067,0,632.201,Normal
724,616100.671,3097279.582,5.067,0,632.2005,Normal
725,616100.407,3097278.618,5.067,0,632.2,Normal
726,616100.142,3097277.654,5.067,0,632.1995,Normal
727,616099.878,3097276.689,5.067,0,632.199,Normal
728,616099.613,3097275.725,5.067,0,632.1985,Normal
729,616099.348,3097274.761,5.067,0,632.198,Normal
730,616099.084,3097273.796,5.067,0,632.1975,Normal
731,616098.819,3097272.832,5.067,0,632.197,Normal
732,616098.555,3097271.868,5.067,0,632.1965,Normal
733,616098.29,3097270.903,5.067,0,632.196,Normal
734,616098.025,3097269.939,5.067,0,632.1955,Normal
735,616097.761,3097268.974,5.067,0,632.195,Normal
736,616097.496,3097268.01,5.067,0,632.1945,Normal
737,616097.232,3097267.046,5.067,0,632.194,Normal
738,616096.967,3097266.081,5.067,0,632.1935,Normal
739,616096.702,3097265.117,5.067,0,632.193,Normal
740,616096.438,3097264.153,5.067,0,632.1925,Normal
741,616096.173,3097263.188,5.067,0,632.192,Normal
742,616095.909,3097262.224,5.067,0,632.1915,Normal
743,616095.644,3097261.26,5.067,0,632.191,Normal
744,616095.379,3097260.295,5.067,0,632.1905,Normal
745,616095.115,3097259.331,5.067,0,632.19,Normal
746,616094.85,3097258.366,5.067,0,632.1895,Normal
747,616094.586,3097257.402,5.067,0,632.189,Normal
748,616094.321,3097256.438,5.067,0,632.1885,Normal
749,616094.057,3097255.473,5.067,0,632.188,Normal
750,616093.792,3097254.509,5.067,0,632.1875,Normal
751,616093.527,3097253.545,5.067,0,632.187,Normal
752,616093.263,3097252.58,5.067,0,632.1865,Normal
753,616092.998,3097251.616,5.067,0,632.186,Normal
754,616092.734,3097250.652,5.067,0,632.1855,Normal
755,616092.469,3097249.687,5.067,0,632.185,Normal
756,616092.204,3097248.723,5.067,0,632.1845,Normal
757,616091.94,3097247.758,5.067,0,632.184,Normal
758,616091.675,3097246.794,5.067,0,632.1835,Normal
759,616091.411,3097245.83,5.183,0,632.183,Normal
760,616091.35,3097244.833,5.2,0,632.1825,Normal
761,616091.308,3097243.834,5.2,0,632.182,Normal
762,616091.266,3097242.835,5.2,0,632.1815,Normal
763,616091.224,3097241.836,5.2,0,632.181,Normal
764,616091.181,3097240.837,5.2,0,632.1805,Normal
765,616091.139,3097239.838,5.2,0,632.18,Normal
766,616091.097,3097238.839,5.2,0,632.1795,Normal
767,616091.055,3097237.84,5.2,0,632.179,Normal
768,616091.012,3097236.841,5.2,0,632.1785,Normal
769,616090.97,3097235.842,5.2,0,632.178,Normal
770,616090.928,3097234.842,5.2,0,632.1775,Normal
771,616090.886,3097233.843,5.2,0,632.177,Normal
772,616090.843,3097232.844,5.2,0,632.1765,Normal
773,616090.801,3097231.845,5.2,0,632.176,Normal
774,616090.759,3097230.846,5.2,0,632.1755,Normal
775,616090.717,3097229.847,5.2,0,632.175,Normal
776,616090.674,3097228.848,5.2,0,632.1745,Normal
777,616090.632,3097227.849,5.2,0,632.174,Normal
778,616090.59,3097226.85,5.2,0,632.1735,Normal
779,616090.548,3097225.85,5.2,0,632.173,Normal
780,616090.505,3097224.851,5.2,0,632.1725,Normal
781,616090.463,3097223.852,5.2,0,632.172,Normal
782,616090.421,3097222.853,5.2,0,632.1715,Normal
783,616090.378,3097221.854,5.2,0,632.171,Normal
784,616090.336,3097220.855,5.2,0,632.1705,Normal
785,616090.294,3097219.856,5.2,0,632.17,Normal
786,616090.252,3097218.857,5.2,0,632.1695,Normal
787,616090.209,3097217.858,5.2,0,632.169,Normal
788,616090.167,3097216.858,5.2,0,632.1685,Normal
789,616090.125,3097215.859,5.2,0,632.168,Normal
790,616090.083,3097214.86,5.2,0,632.1675,Normal
791,616090.04,3097213.861,5.2,0,632.167,Normal
792,616089.998,3097212.862,5.2,0,632.1665,Normal
793,616089.956,3097211.863,5.2,0,632.166,Normal
794,616089.914,3097210.864,5.2,0,632.1655,Normal
795,616089.871,3097209.865,5.2,0,632.165,Normal
796,616089.829,3097208.866,5.2,0,632.1645,Normal
797,616089.787,3097207.867,5.2,0,632.164,Normal
798,616089.745,3097206.867,5.2,0,632.1635,Normal
799,616089.702,3097205.868,5.2,0,632.163,Normal
800,616089.66,3097204.869,5.2,0,632.1625,Normal
801,616089.618,3097203.87,5.2,0,632.162,Normal
802,616089.576,3097202.871,5.2,0,632.1615,Normal
803,616089.533,3097201.872,5.2,0,632.161,Normal
804,616089.491,3097200.873,5.2,0,632.1605,Normal
805,616089.449,3097199.874,5.2,0,632.16,Normal
806,616089.407,3097198.875,5.2,0,632.1595,Normal
807,616089.364,3097197.875,5.2,0,632.159,Normal
808,616089.322,3097196.876,5.2,0,632.1585,Normal
809,616089.28,3097195.877,5.2,0,632.158,Normal
810,616089.237,3097194.878,5.2,0,632.1575,Normal
811,616089.195,3097193.879,5.2,0,632.157,Normal
812,616089.153,3097192.88,5.2,0,632.1565,Normal
813,616089.111,3097191.881,5.2,0,632.156,Normal
814,616089.068,3097190.882,5.2,0,632.1555,Normal
815,616089.026,3097189.883,5.2,0,632.155,Normal
816,616088.984,3097188.883,5.2,0,632.1545,Normal
817,616088.942,3097187.884,5.2,0,632.154,Normal
818,616088.899,3097186.885,5.2,0,632.1535,Normal
819,616088.857,3097185.886,5.2,0,632.153,Normal
820,616088.815,3097184.887,5.2,0,632.1525,Normal
821,616088.773,3097183.888,5.2,0,632.152,Normal
822,616088.73,3097182.889,5.2,0,632.1515,Normal
823,616088.688,3097181.89,5.2,0,632.151,Normal
824,616088.646,3097180.891,5.2,0,632.1505,Normal
825,616088.604,3097179.892,5.2,0,632.15,Normal
826,616088.561,3097178.892,5.2,0,632.1495,Normal
827,616088.519,3097177.893,5.2,0,632.149,Normal
828,616088.477,3097176.894,5.2,0,632.1485,Normal
829,616088.435,3097175.895,5.2,0,632.148,Normal
830,616088.392,3097174.896,5.2,0,632.1475,Normal
831,616088.35,3097173.897,5.2,0,632.147,Normal
832,616088.308,3097172.898,5.2,0,632.1465,Normal
833,616088.266,3097171.899,5.2,0,632.146,Normal
834,616088.223,3097170.9,5.2,0,632.1455,Normal
835,616088.181,3097169.9,5.2,0,632.145,Normal
836,616088.139,3097168.901,5.2,0,632.1445,Normal
837,616088.097,3097167.902,5.2,0,632.144,Normal
838,616088.054,3097166.903,5.2,0,632.1435,Normal
839,616088.012,3097165.904,5.2,0,632.143,Normal
840,616087.97,3097164.905,5.2,0,632.1425,Normal
841,616087.927,3097163.906,5.2,0,632.142,Normal
842,616087.885,3097162.907,5.2,0,632.1415,Normal
843,616087.843,3097161.908,5.2,0,632.141,Normal
844,616087.801,3097160.908,5.2,0,632.1405,Normal
845,616087.758,3097159.909,5.2,0,632.14,Normal
846,616087.716,3097158.91,5.2,0,632.1395,Normal
847,616087.674,3097157.911,5.2,0,632.139,Normal
848,616087.632,3097156.912,5.2,0,632.1385,Normal
849,616087.589,3097155.913,5.2,0,632.138,Normal
850,616087.547,3097154.914,5.2,0,632.1375,Normal
851,616087.505,3097153.915,5.2,0,632.137,Normal
852,616087.463,3097152.916,5.2,0,632.1365,Normal
853,616087.42,3097151.917,5.2,0,632.136,Normal
854,616087.378,3097150.917,5.2,0,632.1355,Normal
855,616087.336,3097149.918,5.2,0,632.135,Normal
856,616087.294,3097148.919,5.2,0,632.1345,Normal
857,616087.251,3097147.92,5.2,0,632.134,Normal
858,616087.209,3097146.921,5.2,0,632.1335,Normal
859,616087.167,3097145.922,5.2,0,632.133,Normal
860,616087.125,3097144.923,5.2,0,632.1325,Normal
861,616087.082,3097143.924,5.2,0,632.132,Normal
862,616087.04,3097142.925,5.2,0,632.1315,Normal
863,616086.998,3097141.925,5.2,0,632.131,Normal
864,616086.956,3097140.926,5.2,0,632.1305,Normal
865,616086.913,3097139.927,5.2,0,632.13,Normal
866,616086.871,3097138.928,5.2,0,632.1295,Normal
867,616086.829,3097137.929,5.2,0,632.129,Normal
868,616086.786,3097136.93,5.2,0,632.1285,Normal
869,616086.744,3097135.931,5.2,0,632.128,Normal
870,616086.702,3097134.932,5.2,0,632.1275,Normal
871,616086.66,3097133.933,5.2,0,632.127,Normal
872,616086.617,3097132.934,5.2,0,632.1265,Normal
873,616086.575,3097131.934,5.2,0,632.126,Normal
874,616086.533,3097130.935,5.2,0,632.1255,Normal
875,616086.491,3097129.936,5.2,0,632.125,Normal
876,616086.448,3097128.937,5.2,0,632.1245,Normal
877,616086.406,3097127.938,5.2,0,632.124,Normal
878,616086.364,3097126.939,5.2,0,632.1235,Normal
879,616086.322,3097125.94,5.2,0,632.123,Normal
880,616086.279,3097124.941,5.2,0,632.1225,Normal
881,616086.237,3097123.942,5.2,0,632.122,Normal
882,616086.195,3097122.942,5.2,0,632.1215,Normal
883,616086.153,3097121.943,5.2,0,632.121,Normal
884,616086.11,3097120.944,5.2,0,632.1205,Normal
885,616086.068,3097119.945,5.2,0,632.12,Normal
886,616086.026,3097118.946,5.2,0,632.1195,Normal
887,616085.984,3097117.947,5.2,0,632.119,Normal
888,616085.941,3097116.948,5.2,0,632.1185,Normal
889,616085.899,3097115.949,5.2,0,632.118,Normal
890,616085.857,3097114.95,5.2,0,632.1175,Normal
891,616085.815,3097113.95,5.2,0,632.117,Normal
892,616085.772,3097112.951,5.2,0,632.1165,Normal
893,616085.73,3097111.952,5.2,0,632.116,Normal
894,616085.688,3097110.953,5.2,0,632.1155,Normal
895,616085.645,3097109.954,5.2,0,632.115,Normal
896,616085.603,3097108.955,5.2,0,632.1145,Normal
897,616085.561,3097107.956,5.2,0,632.114,Normal
898,616085.519,3097106.957,5.2,0,632.1135,Normal
899,616085.476,3097105.958,5.2,0,632.113,Normal
900,616085.434,3097104.959,5.2,0,632.1125,Normal
901,616085.392,3097103.959,5.2,0,632.112,Normal
902,616085.35,3097102.96,5.2,0,632.1115,Normal
903,616085.307,3097101.961,5.2,0,632.111,Normal
904,616085.265,3097100.962,5.2,0,632.1105,Normal
905,616085.223,3097099.963,5.2,0,632.11,Normal
906,616085.181,3097098.964,5.2,0,632.1095,Normal
907,616085.138,3097097.965,5.2,0,632.109,Normal
908,616085.096,3097096.966,5.2,0,632.1085,Normal
909,616085.054,3097095.967,5.2,0,632.108,Normal
910,616085.012,3097094.967,5.2,0,632.1075,Normal
911,616084.969,3097093.968,5.2,0,632.107,Normal
912,616084.927,3097092.969,5.2,0,632.1065,Normal
913,616084.885,3097091.97,5.2,0,632.106,Normal
914,616084.843,3097090.971,5.2,0,632.1055,Normal
915,616084.8,3097089.972,5.2,0,632.105,Normal
916,616084.758,3097088.973,5.2,0,632.1045,Normal
917,616084.716,3097087.974,5.2,0,632.104,Normal
918,616084.674,3097086.975,5.2,0,632.1035,Normal
919,616084.631,3097085.975,5.2,0,632.103,Normal
920,616084.589,3097084.976,5.2,0,632.1025,Normal
921,616084.547,3097083.977,5.2,0,632.102,Normal
922,616084.504,3097082.978,5.2,0,632.1015,Normal
923,616084.462,3097081.979,5.2,0,632.101,Normal
924,616084.42,3097080.98,5.2,0,632.1005,Normal
925,616084.378,3097079.981,5.2,0,632.1,Normal
926,616084.335,3097078.982,5.2,0,632.0995,Normal
927,616084.293,3097077.983,5.2,0,632.099,Normal
928,616084.251,3097076.984,5.2,0,632.0985,Normal
929,616084.209,3097075.984,5.2,0,632.098,Normal
930,616084.166,3097074.985,5.2,0,632.0975,Normal
931,616084.124,3097073.986,5.2,0,632.097,Normal
932,616084.082,3097072.987,5.2,0,632.0965,Normal
933,616084.04,3097071.988,5.2,0,632.096,Normal
934,616083.997,3097070.989,5.2,0,632.0955,Normal
935,616083.955,3097069.99,5.2,0,632.095,Normal
936,616083.913,3097068.991,5.2,0,632.0945,Normal
937,616083.871,3097067.992,5.2,0,632.094,Normal
938,616083.828,3097066.992,5.2,0,632.0935,Normal
939,616083.786,3097065.993,5.2,0,632.093,Normal
940,616083.744,3097064.994,5.2,0,632.0925,Normal
941,616083.702,3097063.995,5.2,0,632.092,Normal
942,616083.659,3097062.996,5.2,0,632.0915,Normal
943,616083.617,3097061.997,5.2,0,632.091,Normal
944,616083.575,3097060.998,5.2,0,632.0905,Normal
945,616083.533,3097059.999,5.2,0,632.09,Normal
946,616083.49,3097059,5.2,0,632.0895,Normal
947,616083.448,3097058.001,5.2,0,632.089,Normal
948,616083.406,3097057.001,5.2,0,632.0885,Normal
949,616083.363,3097056.002,5.2,0,632.088,Normal
950,616083.321,3097055.003,5.2,0,632.0875,Normal
951,616083.279,3097054.004,5.2,0,632.087,Normal
952,616083.237,3097053.005,5.2,0,632.0865,Normal
953,616083.194,3097052.006,5.2,0,632.086,Normal
954,616083.152,3097051.007,5.2,0,632.0855,Normal
955,616083.11,3097050.008,5.2,0,632.085,Normal
956,616083.068,3097049.009,5.2,0,632.0845,Normal
957,616083.025,3097048.009,5.2,0,632.084,Normal
958,616082.983,3097047.01,5.2,0,632.0835,Normal
959,616082.941,3097046.011,5.2,0,632.083,Normal
960,616082.899,3097045.012,5.2,0,632.0825,Normal
961,616082.856,3097044.013,5.2,0,632.082,Normal
962,616082.814,3097043.014,5.2,0,632.0815,Normal
963,616082.772,3097042.015,5.2,0,632.081,Normal
964,616082.73,3097041.016,5.2,0,632.0805,Normal
965,616082.687,3097040.017,5.2,0,632.08,Normal
966,616082.645,3097039.017,5.2,0,632.0795,Normal
967,616082.603,3097038.018,5.2,0,632.079,Normal
968,616082.561,3097037.019,5.2,0,632.0785,Normal
969,616082.518,3097036.02,5.2,0,632.078,Normal
970,616082.476,3097035.021,5.2,0,632.0775,Normal
971,616082.434,3097034.022,5.2,0,632.077,Normal
972,616082.392,3097033.023,5.2,0,632.0765,Normal
973,616082.349,3097032.024,5.2,0,632.076,Normal
974,616082.307,3097031.025,5.2,0,632.0755,Normal
975,616082.265,3097030.026,5.2,0,632.075,Normal
976,616082.222,3097029.026,5.2,0,632.0745,Normal
977,616082.18,3097028.027,5.2,0,632.074,Normal
978,616082.138,3097027.028,5.2,0,632.0735,Normal
979,616082.096,3097026.029,5.2,0,632.073,Normal
980,616082.053,3097025.03,5.2,0,632.0725,Normal
981,616082.011,3097024.031,5.2,0,632.072,Normal
982,616081.969,3097023.032,5.2,0,632.0715,Normal
983,616081.927,3097022.033,5.2,0,632.071,Normal
984,616081.884,3097021.034,5.2,0,632.0705,Normal
985,616081.842,3097020.034,5.2,0,632.07,Normal
986,616081.8,3097019.035,5.2,0,632.0695,Normal
987,616081.758,3097018.036,5.2,0,632.069,Normal
988,616081.715,3097017.037,5.2,0,632.0685,Normal
989,616081.673,3097016.038,5.2,0,632.068,Normal
990,616081.631,3097015.039,5.2,0,632.0675,Normal
991,616081.589,3097014.04,5.2,0,632.067,Normal
992,616081.546,3097013.041,5.2,0,632.0665,Normal
993,616081.504,3097012.042,5.2,0,632.066,Normal
994,616081.462,3097011.042,5.2,0,632.0655,Normal
995,616081.42,3097010.043,5.2,0,632.065,Normal
996,616081.377,3097009.044,5.2,0,632.0645,Normal
997,616081.335,3097008.045,5.2,0,632.064,Normal
998,616081.293,3097007.046,5.2,0,632.0635,Normal
999,616081.251,3097006.047,5.2,0,632.063,Normal
1000,616081.208,3097005.048,5.2,0,632.0625,Normal
1001,616081.166,3097004.049,5.2,0,632.062,Normal
1002,616081.124,3097003.05,5.2,0,632.0615,Normal
1003,616081.082,3097002.051,5.2,0,632.061,Normal
1004,616081.039,3097001.051,5.2,0,632.0605,Normal
1005,616080.997,3097000.052,5.2,0,632.06,Normal
1006,616080.955,3096999.053,5.2,0,632.0595,Normal
1007,616080.912,3096998.054,5.2,0,632.059,Normal
1008,616080.87,3096997.055,5.2,0,632.0585,Normal
1009,616080.828,3096996.056,5.2,0,632.058,Normal
1010,616080.786,3096995.057,5.2,0,632.0575,Normal
1011,616080.743,3096994.058,5.2,0,632.057,Normal
1012,616080.701,3096993.059,5.2,0,632.0565,Normal
1013,616080.659,3096992.059,5.2,0,632.056,Normal
1014,616080.617,3096991.06,5.2,0,632.0555,Normal
1015,616080.574,3096990.061,5.2,0,632.055,Normal
1016,616080.532,3096989.062,5.2,0,632.0545,Normal
1017,616080.49,3096988.063,5.2,0,632.054,Normal
1018,616080.448,3096987.064,5.2,0,632.0535,Normal
1019,616080.405,3096986.065,5.2,0,632.053,Normal
1020,616080.363,3096985.066,5.2,0,632.0525,Normal
1021,616080.321,3096984.067,5.2,0,632.052,Normal
1022,616080.279,3096983.068,5.2,0,632.0515,Normal
1023,616080.236,3096982.068,5.2,0,632.051,Normal
1024,616080.194,3096981.069,5.2,0,632.0505,Normal
1025,616080.152,3096980.07,5.2,0,632.05,Normal
1026,616080.11,3096979.071,5.2,0,632.0495,Normal
1027,616080.067,3096978.072,5.2,0,632.049,Normal
1028,616080.025,3096977.073,5.2,0,632.0485,Normal
1029,616079.983,3096976.074,5.2,0,632.048,Normal
1030,616079.941,3096975.075,5.2,0,632.0475,Normal
1031,616079.898,3096974.076,5.2,0,632.047,Normal
1032,616079.856,3096973.076,5.2,0,632.0465,Normal
1033,616079.814,3096972.077,5.2,0,632.046,Normal
1034,616079.771,3096971.078,5.2,0,632.0455,Normal
1035,616079.729,3096970.079,5.2,0,632.045,Normal
1036,616079.687,3096969.08,5.2,0,632.0445,Normal
1037,616079.645,3096968.081,5.2,0,632.044,Normal
1038,616079.602,3096967.082,5.2,0,632.0435,Normal
1039,616079.56,3096966.083,5.2,0,632.043,Normal
1040,616079.518,3096965.084,5.2,0,632.0425,Normal
1041,616079.476,3096964.084,5.2,0,632.042,Normal
1042,616079.433,3096963.085,5.2,0,632.0415,Normal
1043,616079.391,3096962.086,5.2,0,632.041,Normal
1044,616079.349,3096961.087,5.2,0,632.0405,Normal
1045,616079.307,3096960.088,5.2,0,632.04,Normal
1046,616079.264,3096959.089,5.2,0,632.0395,Normal
1047,616079.222,3096958.09,5.2,0,632.039,Normal
1048,616079.18,3096957.091,5.2,0,632.0385,Normal
1049,616079.138,3096956.092,5.2,0,632.038,Normal
1050,616079.095,3096955.093,5.2,0,632.0375,Normal
1051,616079.053,3096954.093,5.2,0,632.037,Normal
1052,616079.011,3096953.094,5.2,0,632.0365,Normal
1053,616078.969,3096952.095,5.2,0,632.036,Normal
1054,616078.926,3096951.096,5.2,0,632.0355,Normal
1055,616078.884,3096950.097,5.2,0,632.035,Normal
1056,616078.842,3096949.098,5.2,0,632.0345,Normal
1057,616078.8,3096948.099,5.2,0,632.034,Normal
1058,616078.757,3096947.1,5.2,0,632.0335,Normal
1059,616078.715,3096946.101,5.2,0,632.033,Normal
1060,616078.673,3096945.101,5.2,0,632.0325,Normal
1061,616078.63,3096944.102,5.2,0,632.032,Normal
1062,616078.588,3096943.103,5.2,0,632.0315,Normal
1063,616078.546,3096942.104,5.2,0,632.031,Normal
1064,616078.504,3096941.105,5.2,0,632.0305,Normal
1065,616078.461,3096940.106,5.2,0,632.03,Normal
1066,616078.419,3096939.107,5.2,0,632.0295,Normal
1067,616078.377,3096938.108,5.2,0,632.029,Normal
1068,616078.335,3096937.109,5.2,0,632.0285,Normal
1069,616078.292,3096936.109,5.2,0,632.028,Normal
1070,616078.25,3096935.11,5.2,0,632.0275,Normal
1071,616078.208,3096934.111,5.2,0,632.027,Normal
1072,616078.166,3096933.112,5.2,0,632.0265,Normal
1073,616078.123,3096932.113,5.2,0,632.026,Normal
1074,616078.081,3096931.114,5.2,0,632.0255,Normal
1075,616078.039,3096930.115,5.2,0,632.025,Normal
1076,616077.997,3096929.116,5.2,0,632.0245,Normal
1077,616077.954,3096928.117,5.2,0,632.024,Normal
1078,616077.912,3096927.118,5.2,0,632.0235,Normal
1079,616077.87,3096926.118,5.2,0,632.023,Normal
1080,616077.828,3096925.119,5.2,0,632.0225,Normal
1081,616077.785,3096924.12,5.2,0,632.022,Normal
1082,616077.743,3096923.121,5.2,0,632.0215,Normal
1083,616077.701,3096922.122,5.2,0,632.021,Normal
1084,616077.659,3096921.123,5.2,0,632.0205,Normal
1085,616077.616,3096920.124,5.2,0,632.02,Normal
1086,616077.574,3096919.125,5.2,0,632.0195,Normal
1087,616077.532,3096918.126,5.2,0,632.019,Normal
1088,616077.489,3096917.126,5.2,0,632.0185,Normal
1089,616077.447,3096916.127,5.2,0,632.018,Normal
1090,616077.405,3096915.128,5.2,0,632.0175,Normal
1091,616077.363,3096914.129,5.2,0,632.017,Normal
1092,616077.32,3096913.13,5.2,0,632.0165,Normal
1093,616077.278,3096912.131,5.2,0,632.016,Normal
1094,616077.236,3096911.132,5.2,0,632.0155,Normal
1095,616077.194,3096910.133,5.2,0,632.015,Normal
1096,616077.151,3096909.134,5.2,0,632.0145,Normal
1097,616077.109,3096908.135,5.2,0,632.014,Normal
1098,616077.067,3096907.135,5.2,0,632.0135,Normal
1099,616077.025,3096906.136,5.2,0,632.013,Normal
1100,616076.982,3096905.137,5.2,0,632.0125,Normal
1101,616076.94,3096904.138,5.2,0,632.012,Normal
1102,616076.898,3096903.139,5.2,0,632.0115,Normal
1103,616076.856,3096902.14,5.2,0,632.011,Normal
1104,616076.813,3096901.141,5.2,0,632.0105,Normal
1105,616076.771,3096900.142,5.2,0,632.01,Normal
1106,616076.729,3096899.143,5.2,0,632.0095,Normal
1107,616076.687,3096898.143,5.2,0,632.009,Normal
1108,616076.644,3096897.144,5.2,0,632.0085,Normal
1109,616076.602,3096896.145,5.2,0,632.008,Normal
1110,616076.56,3096895.146,5.2,0,632.0075,Normal
1111,616076.518,3096894.147,5.2,0,632.007,Normal
1112,616076.475,3096893.148,5.2,0,632.0065,Normal
1113,616076.433,3096892.149,5.2,0,632.006,Normal
1114,616076.391,3096891.15,5.2,0,632.0055,Normal
1115,616076.348,3096890.151,5.2,0,632.005,Normal
1116,616076.306,3096889.151,5.2,0,632.0045,Normal
1117,616076.264,3096888.152,5.2,0,632.004,Normal
1118,616076.222,3096887.153,5.2,0,632.0035,Normal
1119,616076.179,3096886.154,5.2,0,632.003,Normal
1120,616076.137,3096885.155,5.2,0,632.0025,Normal
1121,616076.095,3096884.156,5.2,0,632.002,Normal
1122,616076.053,3096883.157,5.2,0,632.0015,Normal
1123,616076.01,3096882.158,5.2,0,632.001,Normal
1124,616075.968,3096881.159,5.2,0,632.0005,Normal
1125,616075.926,3096880.16,5.2,0,632,Normal
1126,616075.884,3096879.16,5.2,0,631.9995,Normal
1127,616075.841,3096878.161,5.2,0,631.999,Normal
1128,616075.799,3096877.162,5.2,0,631.9985,Normal
1129,616075.757,3096876.163,5.2,0,631.998,Normal
1130,616075.715,3096875.164,5.2,0,631.9975,Normal
1131,616075.672,3096874.165,5.2,0,631.997,Normal
1132,616075.63,3096873.166,5.2,0,631.9965,Normal
1133,616075.588,3096872.167,5.2,0,631.996,Normal
1134,616075.546,3096871.168,5.2,0,631.9955,Normal
1135,616075.503,3096870.168,5.2,0,631.995,Normal
1136,616075.461,3096869.169,5.2,0,631.9945,Normal
1137,616075.419,3096868.17,5.2,0,631.994,Normal
1138,616075.377,3096867.171,5.2,0,631.9935,Normal
1139,616075.334,3096866.172,5.2,0,631.993,Normal
1140,616075.292,3096865.173,5.2,0,631.9925,Normal
1141,616075.25,3096864.174,5.2,0,631.992,Normal
1142,616075.207,3096863.175,5.2,0,631.9915,Normal
1143,616075.165,3096862.176,5.2,0,631.991,Normal
1144,616075.123,3096861.176,5.2,0,631.9905,Normal
1145,616075.081,3096860.177,5.2,0,631.99,Normal
1146,616075.038,3096859.178,5.2,0,631.9895,Normal
1147,616074.996,3096858.179,5.2,0,631.989,Normal
1148,616074.954,3096857.18,5.2,0,631.9885,Normal
1149,616074.912,3096856.181,5.2,0,631.988,Normal
1150,616074.869,3096855.182,5.2,0,631.9875,Normal
1151,616074.827,3096854.183,5.2,0,631.987,Normal
1152,616074.785,3096853.184,5.2,0,631.9865,Normal
1153,616074.743,3096852.185,5.2,0,631.986,Normal
1154,616074.7,3096851.185,5.2,0,631.9855,Normal
1155,616074.658,3096850.186,5.2,0,631.985,Normal
1156,616074.616,3096849.187,5.2,0,631.9845,Normal
1157,616074.574,3096848.188,5.2,0,631.984,Normal
1158,616074.531,3096847.189,5.2,0,631.9835,Normal
1159,616074.489,3096846.19,5.2,0,631.983,Normal
1160,616074.447,3096845.191,5.2,0,631.9825,Normal
1161,616074.405,3096844.192,5.2,0,631.982,Normal
1162,616074.362,3096843.193,5.2,0,631.9815,Normal
1163,616074.32,3096842.193,5.2,0,631.981,Normal
1164,616074.278,3096841.194,5.2,0,631.9805,Normal
1165,616074.236,3096840.195,5.2,0,631.98,Normal
1166,616074.193,3096839.196,5.2,0,631.9795,Normal
1167,616074.151,3096838.197,5.2,0,631.979,Normal
1168,616074.109,3096837.198,5.2,0,631.9785,Normal
1169,616074.067,3096836.199,5.2,0,631.978,Normal
1170,616074.024,3096835.2,5.2,0,631.9775,Normal
1171,616073.982,3096834.201,5.2,0,631.977,Normal
1172,616073.94,3096833.202,5.2,0,631.9765,Normal
1173,616073.897,3096832.202,5.2,0,631.976,Normal
1174,616073.855,3096831.203,5.2,0,631.9755,Normal
1175,616073.813,3096830.204,5.2,0,631.975,Normal
1176,616073.771,3096829.205,5.2,0,631.9745,Normal
1177,616073.728,3096828.206,5.2,0,631.974,Normal
1178,616073.686,3096827.207,5.2,0,631.9735,Normal
1179,616073.644,3096826.208,5.2,0,631.973,Normal
1180,616073.602,3096825.209,5.2,0,631.9725,Normal
1181,616073.559,3096824.21,5.2,0,631.972,Normal
1182,616073.517,3096823.21,5.2,0,631.9715,Normal
1183,616073.475,3096822.211,5.2,0,631.971,Normal
1184,616073.433,3096821.212,5.2,0,631.9705,Normal
1185,616073.39,3096820.213,5.2,0,631.97,Normal
1186,616073.348,3096819.214,5.2,0,631.9695,Normal
1187,616073.306,3096818.215,5.2,0,631.969,Normal
1188,616073.264,3096817.216,5.2,0,631.9685,Normal
1189,616073.221,3096816.217,5.2,0,631.968,Normal
1190,616073.179,3096815.218,5.2,0,631.9675,Normal
1191,616073.137,3096814.218,5.2,0,631.967,Normal
1192,616073.095,3096813.219,5.2,0,631.9665,Normal
1193,616073.052,3096812.22,5.2,0,631.966,Normal
1194,616073.01,3096811.221,5.2,0,631.9655,Normal
1195,616072.968,3096810.222,5.2,0,631.965,Normal
1196,616072.926,3096809.223,5.2,0,631.9645,Normal
1197,616072.883,3096808.224,5.2,0,631.964,Normal
1198,616072.841,3096807.225,5.2,0,631.9635,Normal
1199,616072.799,3096806.226,5.2,0,631.963,Normal
1200,616072.756,3096805.227,5.2,0,631.9625,Normal
1201,616072.714,3096804.227,5.2,0,631.962,Normal
1202,616072.672,3096803.228,5.2,0,631.9615,Normal
1203,616072.63,3096802.229,5.2,0,631.961,Normal
1204,616072.587,3096801.23,5.2,0,631.9605,Normal
1205,616072.545,3096800.231,5.2,0,631.96,Normal
1206,616072.503,3096799.232,5.2,0,631.9595,Normal
1207,616072.461,3096798.233,5.2,0,631.959,Normal
1208,616072.418,3096797.234,5.2,0,631.9585,Normal
1209,616072.376,3096796.235,5.2,0,631.958,Normal
1210,616072.334,3096795.235,5.2,0,631.9575,Normal
1211,616072.292,3096794.236,5.2,0,631.957,Normal
1212,616072.249,3096793.237,5.2,0,631.9565,Normal
1213,616072.207,3096792.238,5.2,0,631.956,Normal
1214,616072.165,3096791.239,5.2,0,631.9555,Normal
1215,616072.123,3096790.24,5.2,0,631.955,Normal
1216,616072.08,3096789.241,5.2,0,631.9545,Normal
1217,616072.038,3096788.242,5.2,0,631.954,Normal
1218,616071.996,3096787.243,5.2,0,631.9535,Normal
1219,616071.954,3096786.243,5.2,0,631.953,Normal
1220,616071.911,3096785.244,5.2,0,631.9525,Normal
1221,616071.869,3096784.245,5.2,0,631.952,Normal
1222,616071.827,3096783.246,5.2,0,631.9515,Normal
1223,616071.785,3096782.247,5.2,0,631.951,Normal
1224,616071.742,3096781.248,5.2,0,631.9505,Normal
1225,616071.7,3096780.249,5.2,0,631.95,Normal
1226,616071.658,3096779.25,5.2,0,631.9495,Normal
1227,616071.615,3096778.251,5.2,0,631.949,Normal
1228,616071.573,3096777.252,5.2,0,631.9485,Normal
1229,616071.531,3096776.252,5.2,0,631.948,Normal
1230,616071.489,3096775.253,5.2,0,631.9475,Normal
1231,616071.446,3096774.254,5.2,0,631.947,Normal
1232,616071.404,3096773.255,5.2,0,631.9465,Normal
1233,616071.362,3096772.256,5.2,0,631.946,Normal
1234,616071.32,3096771.257,5.2,0,631.9455,Normal
1235,616071.277,3096770.258,5.2,0,631.945,Normal
1236,616071.235,3096769.259,5.2,0,631.9445,Normal
1237,616071.193,3096768.26,5.2,0,631.944,Normal
1238,616071.151,3096767.26,5.2,0,631.9435,Normal
1239,616071.108,3096766.261,5.2,0,631.943,Normal
1240,616071.066,3096765.262,5.2,0,631.9425,Normal
1241,616071.024,3096764.263,5.2,0,631.942,Normal
1242,616070.982,3096763.264,5.2,0,631.9415,Normal
1243,616070.939,3096762.265,5.2,0,631.941,Normal
1244,616070.897,3096761.266,5.2,0,631.9405,Normal
1245,616070.855,3096760.267,5.2,0,631.94,Normal
1246,616070.813,3096759.268,5.2,0,631.9395,Normal
1247,616070.77,3096758.269,5.2,0,631.939,Normal
1248,616070.728,3096757.269,5.2,0,631.9385,Normal
1249,616070.686,3096756.27,5.2,0,631.938,Normal
1250,616070.644,3096755.271,5.2,0,631.9375,Normal
1251,616070.601,3096754.272,5.2,0,631.937,Normal
1252,616070.559,3096753.273,5.2,0,631.9365,Normal
1253,616070.517,3096752.274,5.2,0,631.936,Normal
1254,616070.474,3096751.275,5.2,0,631.9355,Normal
1255,616070.432,3096750.276,5.2,0,631.935,Normal
1256,616070.39,3096749.277,5.2,0,631.9345,Normal
1257,616070.348,3096748.277,5.2,0,631.934,Normal
1258,616070.305,3096747.278,5.2,0,631.9335,Normal
1259,616070.263,3096746.279,5.2,0,631.933,Normal
1260,616070.221,3096745.28,5.2,0,631.9325,Normal
1261,616070.179,3096744.281,5.2,0,631.932,Normal
1262,616070.136,3096743.282,5.2,0,631.9315,Normal
1263,616070.094,3096742.283,5.2,0,631.931,Normal
1264,616070.052,3096741.284,5.2,0,631.9305,Normal
1265,616070.01,3096740.285,5.2,0,631.93,Normal
1266,616069.967,3096739.285,5.2,0,631.9295,Normal
1267,616069.925,3096738.286,5.2,0,631.929,Normal
1268,616069.883,3096737.287,5.2,0,631.9285,Normal
1269,616069.841,3096736.288,5.2,0,631.928,Normal
1270,616069.798,3096735.289,5.2,0,631.9275,Normal
1271,616069.756,3096734.29,5.2,0,631.927,Normal
1272,616069.714,3096733.291,5.2,0,631.9265,Normal
1273,616069.672,3096732.292,5.2,0,631.926,Normal
1274,616069.629,3096731.293,5.2,0,631.9255,Normal
1275,616069.587,3096730.294,5.2,0,631.925,Normal
1276,616069.545,3096729.294,5.2,0,631.9245,Normal
1277,616069.503,3096728.295,5.2,0,631.924,Normal
1278,616069.46,3096727.296,5.2,0,631.9235,Normal
1279,616069.418,3096726.297,5.2,0,631.923,Normal
1280,616069.376,3096725.298,5.2,0,631.9225,Normal
1281,616069.333,3096724.299,5.2,0,631.922,Normal
1282,616069.291,3096723.3,5.2,0,631.9215,Normal
1283,616069.249,3096722.301,5.2,0,631.921,Normal
1284,616069.207,3096721.302,5.2,0,631.9205,Normal
1285,616069.164,3096720.302,5.2,0,631.92,Normal
1286,616069.122,3096719.303,5.2,0,631.9195,Normal
1287,616069.08,3096718.304,5.2,0,631.919,Normal
1288,616069.038,3096717.305,5.2,0,631.9185,Normal
1289,616068.995,3096716.306,5.2,0,631.918,Normal
1290,616068.953,3096715.307,5.2,0,631.9175,Normal
1291,616068.911,3096714.308,5.2,0,631.917,Normal
1292,616068.869,3096713.309,5.2,0,631.9165,Normal
1293,616068.826,3096712.31,5.2,0,631.916,Normal
1294,616068.784,3096711.31,5.2,0,631.9155,Normal
1295,616068.742,3096710.311,5.2,0,631.915,Normal
1296,616068.7,3096709.312,5.2,0,631.9145,Normal
1297,616068.657,3096708.313,5.2,0,631.914,Normal
1298,616068.615,3096707.314,5.2,0,631.9135,Normal
1299,616068.573,3096706.315,5.2,0,631.913,Normal
1300,616068.531,3096705.316,5.2,0,631.9125,Normal
1301,616068.488,3096704.317,5.2,0,631.912,Normal
1302,616068.446,3096703.318,5.2,0,631.9115,Normal
1303,616068.404,3096702.319,5.2,0,631.911,Normal
1304,616068.362,3096701.319,5.2,0,631.9105,Normal
1305,616068.319,3096700.32,5.2,0,631.91,Normal
1306,616068.277,3096699.321,5.2,0,631.9095,Normal
1307,616068.235,3096698.322,5.2,0,631.909,Normal
1308,616068.192,3096697.323,5.2,0,631.9085,Normal
1309,616068.15,3096696.324,5.2,0,631.908,Normal
1310,616068.108,3096695.325,5.2,0,631.9075,Normal
1311,616068.066,3096694.326,5.2,0,631.907,Normal
1312,616068.023,3096693.327,5.2,0,631.9065,Normal
1313,616067.981,3096692.327,5.2,0,631.906,Normal
1314,616067.939,3096691.328,5.2,0,631.9055,Normal
1315,616067.897,3096690.329,5.2,0,631.905,Normal
1316,616067.854,3096689.33,5.2,0,631.9045,Normal
1317,616067.812,3096688.331,5.2,0,631.904,Normal
1318,616067.77,3096687.332,5.2,0,631.9035,Normal
1319,616067.728,3096686.333,5.2,0,631.903,Normal
1320,616067.685,3096685.334,5.2,0,631.9025,Normal
1321,616067.643,3096684.335,5.2,0,631.902,Normal
1322,616067.601,3096683.336,5.2,0,631.9015,Normal
1323,616067.559,3096682.336,5.2,0,631.901,Normal
1324,616067.516,3096681.337,5.2,0,631.9005,Normal
1325,616067.474,3096680.338,5.2,0,631.9,Normal
1326,616067.432,3096679.339,5.2,0,631.8995,Normal
1327,616067.39,3096678.34,5.2,0,631.899,Normal
1328,616067.347,3096677.341,5.2,0,631.8985,Normal
1329,616067.305,3096676.342,5.2,0,631.898,Normal
1330,616067.263,3096675.343,5.2,0,631.8975,Normal
1331,616067.221,3096674.344,5.2,0,631.897,Normal
1332,616067.178,3096673.344,5.2,0,631.8965,Normal
1333,616067.136,3096672.345,5.2,0,631.896,Normal
1334,616067.094,3096671.346,5.2,0,631.8955,Normal
1335,616067.052,3096670.347,5.2,0,631.895,Normal
1336,616067.009,3096669.348,5.2,0,631.8945,Normal
1337,616066.967,3096668.349,5.2,0,631.894,Normal
1338,616066.925,3096667.35,5.2,0,631.8935,Normal
1339,616066.882,3096666.351,5.2,0,631.893,Normal
1340,616066.84,3096665.352,5.2,0,631.8925,Normal
1341,616066.798,3096664.352,5.2,0,631.892,Normal
1342,616066.756,3096663.353,5.2,0,631.8915,Normal
1343,616066.713,3096662.354,5.2,0,631.891,Normal
1344,616066.671,3096661.355,5.2,0,631.8905,Normal
1345,616066.629,3096660.356,5.2,0,631.89,Normal
1346,616066.587,3096659.357,5.2,0,631.8895,Normal
1347,616066.544,3096658.358,5.2,0,631.889,Normal
1348,616066.502,3096657.359,5.2,0,631.8885,Normal
1349,616066.46,3096656.36,5.2,0,631.888,Normal
1350,616066.418,3096655.361,5.2,0,631.8875,Normal
1351,616066.375,3096654.361,5.2,0,631.887,Normal
1352,616066.333,3096653.362,5.2,0,631.8865,Normal
1353,616066.291,3096652.363,5.2,0,631.886,Normal
1354,616066.249,3096651.364,5.2,0,631.8855,Normal
1355,616066.206,3096650.365,5.2,0,631.885,Normal
1356,616066.164,3096649.366,5.2,0,631.8845,Normal
1357,616066.122,3096648.367,5.2,0,631.884,Normal
1358,616066.08,3096647.368,5.2,0,631.8835,Normal
1359,616066.037,3096646.369,5.2,0,631.883,Normal
1360,616065.995,3096645.369,5.2,0,631.8825,Normal
1361,616065.953,3096644.37,5.2,0,631.882,Normal
1362,616065.911,3096643.371,5.2,0,631.8815,Normal
1363,616065.868,3096642.372,5.2,0,631.881,Normal
1364,616065.826,3096641.373,5.2,0,631.8805,Normal
1365,616065.784,3096640.374,5.2,0,631.88,Normal
1366,616065.741,3096639.375,5.2,0,631.8795,Normal
1367,616065.699,3096638.376,5.2,0,631.879,Normal
1368,616065.667,3096637.376,5.199,0,631.8785,Normal
1369,616065.673,3096636.376,5.199,0,631.878,Normal
1370,616065.68,3096635.376,5.199,0,631.8778,Normal
1371,616065.686,3096634.376,5.199,0,631.8776,Normal
1372,616065.692,3096633.376,5.199,0,631.8774,Normal
1373,616065.698,3096632.377,5.2,0,631.8772,Normal
1374,616065.705,3096631.377,5.2,0,631.877,Normal
1375,616065.711,3096630.377,5.2,0,631.8768,Normal
1376,616065.717,3096629.377,5.2,0,631.8766,Normal
1377,616065.723,3096628.377,5.2,0,631.8764,Normal
1378,616065.73,3096627.377,5.2,0,631.8762,Normal
1379,616065.73,3096626.377,5.2,0,631.876,Normal
1380,616065.73,3096625.377,5.2,0,631.8758,Normal
1381,616065.73,3096624.377,7.42,0,631.8756,Normal
1382,616065.73,3096623.377,9.847,0,631.8754,Normal
1383,616065.73,3096622.377,10.1,0,631.8752,Normal
1384,616065.73,3096621.868,10.206,0,631.875,Junction
