iteration,alpha1,alpha2,j1_wse,j2_wse,q_total,q_waterway,q_usexit,q_forebay,q_sidechannel,ws_inlet,ws_usexit,ws_forebay,ws_sidechannel,j1_from_usproject,j1_from_waterway,j1_from_usexit,j2_from_waterway,j2_from_forebay,j2_from_sidechannel,j1_sub_stage,j2_sub_stage,j1_super_stage,j2_super_stage,j1_super_energy_stage,j2_super_energy_stage,j1_control,j2_control,sf_j1_sub,sf_j1_super,sf_j2_sub,sf_j2_super,momentum_j1,momentum_j2,err_j1,err_j2,alpha1_next,alpha2_next,j1_next,j2_next
0,0.98,0.5642799608756646,4507.06516767586,4507.06511552839,51.0,50.95,0.05,28.750064006615112,22.19993599338489,637.0,634.3119999999999,622.0279999999999,633.0099731944501,660.1996144511724,4507.065115627618,,632.0030983447547,4507.06510737031,634.0212943320241,4507.065115627618,4507.06510737031,636.2005968670703,633.8227182081192,660.1996144511724,632.0030983447547,Subcritical,Subcritical,49179508.117895834,33.11928682272103,76632252.97992511,32.67060002665823,9.043717485435199,-2.13780211311132e-08,5.204824174143141e-05,8.158080163411796e-06,0.98,0.4955337817853332,4507.065149458976,4507.065112673063
1,0.98,0.4955337817853332,4507.065149458976,4507.065112673063,51.0,50.95,0.05,25.24744618196273,25.702553818037273,637.0,634.3119999999999,622.0279999999999,633.0099731944501,660.1996143297265,4507.065112770875,,632.0030983446973,3618.101406013656,634.3582245847226,4507.065112770875,3618.101406013656,636.2005968597836,633.8852296332866,660.1996143297265,632.0030983446973,Subcritical,Subcritical,49179508.0453414,33.11928681318679,45506248.20778984,33.51921541647298,9.043717482956545,1.1064500426982704e-08,3.668810040835524e-05,888.9637066594069,0.98,0.42956010450874504,4507.06513661814,4195.92781534227
2,0.98,0.42956010450874504,4507.06513661814,4195.92781534227,51.0,50.95,0.05,21.88608732472056,29.063912675279443,637.0,634.3119999999999,622.0279999999999,633.0099731944501,660.199614244121,4195.92781546002,,632.0030983438609,2873.433874109431,634.7248065102641,4195.92781546002,2873.433874109431,636.2005968546473,633.93044803752,660.199614244121,632.0030983438609,Subcritical,Subcritical,41594793.575395055,33.119286806466334,25640463.319228683,34.17362445845986,9.043717481209402,2.326396497664973e-08,311.13732115812036,1322.493941232839,0.98,0.367231638549722,4398.167074212798,3733.0549359107763
3,0.98,0.367231638549722,4398.167074212798,3733.0549359107763,51.0,50.95,0.05,18.71045198410834,32.239548015891664,637.0,634.3119999999999,622.0279999999999,633.0099731944501,659.4736271614187,3733.0549360651385,,632.0042203210194,2267.483330820165,635.1098921290654,3733.0549360651385,2267.483330820165,636.1570376296851,633.9613787483125,659.4736271614187,632.0042203210194,Subcritical,Subcritical,31485923.838600967,33.07991335865624,13651620.180114025,34.64036262502711,9.033712245411522,2.7899922372398578e-08,665.1121381476596,1465.5716050906112,0.98,0.30963920851053284,4165.377825861117,3220.1048741290624
4,0.98,0.30963920851053284,4165.377825861117,3220.1048741290624,51.0,50.95,0.05,15.77611767361165,35.17388232638835,637.0,634.3119999999999,622.0279999999999,633.0099731944501,657.9216988390741,3220.104874346507,,632.0067682545605,1791.8446904943928,635.4994596209116,3220.104874346507,1791.8446904943928,636.0639219303445,633.9805848620683,657.9216988390741,632.0067682545605,Subcritical,Subcritical,21924696.406293705,33.11985283159108,6866237.99401549,34.937857797705895,9.046217532420293,-4.817501064735552e-09,945.2729515146102,1428.2601836346696,0.98,0.258012179136489,3834.532292831004,2720.213809856928
5,0.98,0.258012179136489,3834.532292831004,2720.213809856928,51.0,50.95,0.05,13.145720527004116,37.80427947299589,637.0,634.3119999999999,622.0279999999999,633.0099731944501,655.7160619522067,2720.21381019987,,632.0107952586839,1434.2716590086584,635.8767072450809,2720.21381019987,1434.2716590086584,636.1075374634804,633.9905415966361,655.7160619522067,632.0107952586839,Subcritical,Subcritical,14267075.811168,33.07937250026903,3285517.585288084,35.09437552550757,9.03441366406668,2.3521138814430742e-08,1114.318482631134,1285.9421508482696,0.98,0.21347975339976835,3444.520823910107,2270.1340570600337
6,0.98,0.21347975339976835,3444.520823910107,2270.1340570600337,51.0,50.95,0.05,10.876793435718199,40.073206564281804,637.0,634.3119999999999,622.0279999999999,633.0099731944501,653.115985492734,2270.1340576123475,,632.0163083825395,1178.0849853997724,636.2239016907835,2270.1340576123475,1178.0849853997724,636.1795,633.9937769664675,653.115985492734,632.0163083825395,Subcritical,Subcritical,8774471.57732943,33.09578441190197,1522456.3590799451,35.145569899406865,9.037661190345116,-3.501746448364429e-08,1174.3867662977596,1092.0490716602612,0.98,0.17668369264528122,3033.485455705891,1887.9168819789422
7,0.98,0.17668369264528122,3033.485455705891,1887.9168819789422,51.0,50.95,0.05,9.002034140277079,41.94796585972293,637.0,634.3119999999999,622.0279999999999,633.0099731944501,650.375749704706,1887.9168829170615,,632.0233263248512,1002.9173683019151,636.526398219376,1887.9168829170615,1002.9173683019151,636.1795,633.9927561362236,650.375749704706,632.0233263248512,Subcritical,Subcritical,5153146.267775146,33.09578441190197,702542.5264781781,35.12939923907734,9.037661190345116,3.16543378175993e-08,1145.5685727888297,884.9995136770272,0.98,0.14745767808714133,2632.5364552298006,1578.1670521919827
8,0.98,0.14745767808714133,2632.5364552298006,1578.1670521919827,51.0,50.95,0.05,7.512968698539852,43.43703130146015,637.0,634.3119999999999,622.0279999999999,633.0099731944501,647.7027563681987,1578.1670538443582,,632.0318878980396,887.3301060519238,636.7769825367318,1578.1670538443582,887.3301060519238,636.1795,633.9895671321302,647.7027563681987,632.0318878980396,Subcritical,Subcritical,2921224.3878836953,33.09578441190197,333008.16059049015,35.07898839329755,9.037661190345116,-3.609697074580254e-08,1054.3694013854424,690.8369461400589,0.98,0.12486828351514825,2263.507164744896,1336.374121042962
9,0.98,0.12486828351514825,2263.507164744896,1336.374121042962,51.0,50.95,0.05,6.362039045096804,44.587960954903195,637.0,634.3119999999999,622.0279999999999,633.0099731944501,645.2425610982993,1336.3741240402583,,632.0420470105994,812.2716624888578,636.9770619143907,1336.3741240402583,812.2716624888578,636.1795,633.985653097704,645.2425610982993,632.0420470105994,Subcritical,Subcritical,1616254.8460493416,33.09578441190197,166066.84736280702,35.01733461469242,9.037661190345116,2.2448361391980143e-08,927.1330407046376,524.1024585541043,0.98,0.10760365556667573,1939.0106004982727,1152.9382605490257
10,0.98,0.10760365556667573,1939.0106004982727,1152.9382605490257,51.0,50.95,0.05,5.4824062511221285,45.467593748877874,637.0,634.3119999999999,622.0279999999999,633.0099731944501,643.0792506699885,1152.9382660500232,,632.0538671624364,763.3012592221678,637.133807943725,1152.9382660500232,763.3012592221678,636.1795,633.9818037093431,643.0792506699885,632.0538671624364,Subcritical,Subcritical,882010.8300920668,33.09578441190197,88143.6100911786,34.95693404327003,9.037661190345116,2.6269646014043246e-08,786.0723344482494,389.6370013268579,0.98,0.09438031028808812,1663.8852834413854,1016.5653100846255
11,0.98,0.09438031028808812,1663.8852834413854,1016.5653100846255,51.0,50.95,0.05,4.80867680917809,46.141323190821915,637.0,634.3119999999999,622.0279999999999,633.0099731944501,641.2450818896092,1016.5653202268979,,632.0674188198417,730.712775525771,637.2561395366848,1016.5653202268979,730.712775525771,636.1795,633.9783488465697,641.2450818896092,632.0674188198417,Subcritical,Subcritical,479154.814950771,33.09578441190197,49850.988984815864,34.90292268429235,9.037661190345116,-1.2764679979682114e-08,647.3199632144874,285.8525345588545,0.98,0.08414847757687366,1437.3232963163148,916.5169229890264
12,0.98,0.08414847757687366,1437.3232963163148,916.5169229890264,51.0,50.95,0.05,4.287364932541713,46.66263506745829,637.0,634.3119999999999,622.0279999999999,633.0099731944501,639.7346686421088,916.5169416607162,,632.0827779645771,708.424954515574,637.3521669148229,916.5169416607162,708.424954515574,636.1795,633.9753718922883,639.7346686421088,632.0827779645771,Subcritical,Subcritical,261164.39751055292,33.09578441190197,29903.38562478837,34.85653372123225,9.037661190345116,3.0534536676896096e-08,520.8063546555986,208.09196847345243,0.98,0.07612247147443746,1255.0410721868552,843.684734023318
13,0.98,0.07612247147443746,1255.0410721868552,843.684734023318,51.0,50.95,0.05,3.8784399216225887,47.071560078377416,637.0,634.3119999999999,622.0279999999999,633.0099731944501,638.519453814579,843.684768080796,,632.1000234536324,692.7299941226391,637.4283369104503,843.684768080796,692.7299941226391,636.1795,633.9728501399904,638.519453814579,632.1000234536324,Subcritical,Subcritical,143760.79543052707,33.09578441190197,18898.52062710568,34.81734758304471,9.037661190345116,3.937861947633792e-08,411.35630410605927,150.95473990067887,0.98,0.06973595347390193,1111.0663657497344,790.8505750580804
14,0.98,0.06973595347390193,1111.0663657497344,790.8505750580804,51.0,50.95,0.05,3.5530468294953037,47.3969531705047,637.0,634.3119999999999,622.0279999999999,633.0099731944501,637.5596224383315,790.8506363203604,,632.119232074671,681.3641525400977,637.4894819254197,790.8506363203604,681.3641525400977,636.1795,633.9707256821245,637.5596224383315,632.119232074671,Subcritical,Subcritical,80364.37716103994,33.09578441190197,12498.670152758448,34.78441318664895,9.037661190345116,3.6092771438234195e-08,320.21572942937394,109.48642251798265,0.98,0.06458456176054395,998.9908604494535,752.5303271767865
15,0.98,0.06458456176054395,998.9908604494535,752.5303271767865,51.0,50.95,0.05,3.290583421699714,47.65941657830029,637.0,634.3119999999999,622.0279999999999,633.0099731944501,635.6455161766755,752.5304353414064,,632.1404710835133,672.9216174401685,637.5391488356928,752.5304353414064,672.9216174401685,636.1795,633.9689356589764,635.6455161766755,632.1404710835133,Subcritical,Subcritical,45837.18379674813,33.09578441190197,8598.292635579792,34.756718853833405,9.037661190345116,-2.212659921951854e-08,246.46042510804716,79.60870973661804,0.98,0.06037813204421858,912.729711661637,724.6672787689702
16,0.98,0.06037813204421858,912.729711661637,724.6672787689702,51.0,50.95,0.05,3.076265827652937,47.87373417234706,637.0,634.3119999999999,622.0279999999999,633.0099731944501,635.6455161778051,724.6674655551024,,632.1637884974859,666.5080452907744,637.579935907749,724.6674655551024,666.5080452907744,636.1795,633.9674231752605,635.6455161778051,632.1637884974859,Subcritical,Subcritical,26778.860940863182,33.09578441190197,6121.530896820332,34.73335806444549,9.037661190345116,1.1842921310289967e-08,188.06224610653464,58.1592334781958,0.98,0.05690593277071634,846.9079255243498,704.3115470516017
17,0.98,0.05690593277071634,846.9079255243498,704.3115470516017,51.0,50.95,0.05,2.8993572746679974,48.050642725332004,637.0,634.3119999999999,622.0279999999999,633.0099731944501,635.6455161795188,704.3118616551147,,632.1892015860931,661.5392667053923,637.6137606494156,704.3118616551147,661.5392667053923,636.1795,633.9661401682049,635.6455161795188,632.1892015860931,Subcritical,Subcritical,16074.04141345603,33.09578441190197,4491.354411663166,34.71357006699506,9.037661190345116,1.3468557824580785e-08,142.59606386923508,42.77228034620941,0.98,0.05401261928078479,796.9993031701175,689.3412489304284
18,0.98,0.05401261928078479,796.9993031701175,689.3412489304284,51.0,50.95,0.05,2.7519429523559853,48.19805704764402,637.0,634.3119999999999,622.0279999999999,633.0099731944501,635.6455161845598,689.3417646782227,,632.2166841121871,657.6236000794079,637.6420549559793,689.3417646782227,657.6236000794079,636.1795,633.9650471495241,635.6455161845598,632.2166841121871,Subcritical,Subcritical,9935.501262215994,33.09578441190197,3384.246997349212,34.69673290252989,9.037661190345116,-2.1555038642873114e-08,107.6575384918948,31.7176488510205,0.98,0.051581861610772245,759.3191646979543,678.2400718325712
19,0.98,0.051581861610772245,759.3191646979543,678.2400718325712,51.0,50.95,0.05,2.628095849068846,48.321904150931154,637.0,634.3119999999999,622.0279999999999,633.0099731944501,635.6455161790482,678.240893768492,,632.2461535974063,654.4918366136338,637.6659025147134,678.240893768492,654.4918366136338,636.1795,633.9641120244413,635.6455161790482,632.2461535974063,Subcritical,Subcritical,6332.596625585529,33.09578441190197,2611.439574602016,34.682343038816356,9.037661190345116,-2.727233550103847e-08,81.07827092946229,23.74823521893734,0.98,0.04952519007934676,730.9417698726425,669.9281895059431
20,0.98,0.04952519007934676,730.9417698726425,669.9281895059431,51.0,50.95,0.05,2.5233084345427175,48.42669156545728,637.0,634.3119999999999,622.0279999999999,633.0099731944501,635.6455161816694,669.9294623185672,,632.2774603800157,651.9546494356746,637.6861348149293,669.9294623185672,651.9546494356746,636.1795,633.9633087717742,635.6455161816694,632.2774603800157,Subcritical,Subcritical,4164.156691134248,33.09578441190197,2058.781658512789,34.669993546379715,9.037661190345116,-1.2930456705362303e-10,61.01230755407528,17.97354007026854,0.98,0.047774330306128376,709.587462228716,663.6374504813491
21,0.98,0.047774330306128376,709.587462228716,663.6374504813491,51.0,50.95,0.05,2.434102129097241,48.51589787090276,637.0,634.3119999999999,622.0279999999999,633.0099731944501,635.6455161796005,663.6393661735966,,632.3103806348589,649.8760622033259,637.7033983877789,663.6393661735966,649.8760622033259,636.1795,633.9626162530333,635.6455161796005,632.3103806348589,Subcritical,Subcritical,2824.320712363039,33.09578441190197,1655.0074831650222,34.65935475153773,9.037661190345116,-5.8618411458155606e-08,45.948096055119436,13.761388278023219,0.98,0.04627587058145077,693.5056286094242,658.820964584041
22,0.98,0.04627587058145077,693.5056286094242,658.820964584041,51.0,50.95,0.05,2.357755606124917,48.592244393875085,637.0,634.3119999999999,622.0279999999999,633.0099731944501,635.645516181321,658.8237692293222,,632.3446159701846,648.1565269706882,637.7182023030357,658.8237692293222,648.1565269706882,636.1795,633.9620171902329,635.645516181321,632.3446159701846,Subcritical,Subcritical,1974.0107510294158,33.09578441190197,1354.3371394106498,34.65015782357733,9.037661190345116,-4.9504322419124946e-08,34.68185938010197,10.664437613352789,0.98,0.04498749973480501,681.3669778263885,655.0884114193675
23,0.98,0.04498749973480501,681.3669778263885,655.0884114193675,51.0,50.95,0.05,2.2921131114883155,48.65788688851169,637.0,634.3119999999999,622.0279999999999,633.0099731944501,635.6455161831103,655.0924105761694,,632.3798014712697,646.7218842249829,637.7309520865292,655.0924105761694,646.7218842249829,636.1795,633.9614974116535,635.6455161831103,632.3798014712697,Subcritical,Subcritical,1419.808484676372,33.09578441190197,1126.6004817029295,34.64218270861204,9.037661190345116,-1.7402783214492956e-08,26.274567250219093,8.366527194384616,0.98,0.04387531443750638,672.1708792888119,652.1601269013329
24,0.98,0.04387531443750638,672.1708792888119,652.1601269013329,51.0,50.95,0.05,2.23544727059095,48.71455272940905,637.0,634.3119999999999,622.0279999999999,633.0099731944501,635.6455161777624,652.1656892909047,,632.4155227984063,645.5160052995842,637.7419742836433,652.1656892909047,645.5160052995842,636.1795,633.9610452166945,635.6455161777624,632.4155227984063,Subcritical,Subcritical,1049.097641013619,33.09578441190197,951.4517784140702,34.63524804632377,9.037661190345116,-5.977574346616166e-08,20.005189997907223,6.6441216017486795,0.98,0.04291186430432705,665.1690627895443,649.8346843407209
25,0.98,0.04291186430432705,665.1690627895443,649.8346843407209,51.0,50.95,0.05,2.1863594863054634,48.76364051369454,637.0,634.3119999999999,622.0279999999999,633.0099731944501,635.6455161831828,649.8422435395472,,632.45134091517,644.4957909223289,637.7515344174058,649.8422435395472,644.4957909223289,636.1795,633.9606508598179,635.6455161831828,632.45134091517,Subcritical,Subcritical,794.8844202042998,33.09578441190197,814.8824701960074,34.629203020445225,9.037661190345116,1.9738436662919412e-08,15.32681924999713,5.33889341839199,0.98,0.04207471295595017,659.8046760520454,647.9660716442837
26,0.98,0.04207471295595017,659.8046760520454,647.9660716442837,51.0,50.95,0.05,2.1437066251056613,48.80629337489434,637.0,634.3119999999999,622.0279999999999,633.0099731944501,635.6455161780523,647.9761255233079,,632.4868210050911,643.6277082304656,637.7598503387719,647.9761255233079,643.6277082304656,636.1795,633.9603062230498,635.6455161780523,632.4868210050911,Subcritical,Subcritical,616.4275638177953,33.09578441190197,707.0638506122525,34.6239221726852,9.037661190345116,3.07621661477242e-08,11.828550528737424,4.338363413818115,0.98,0.04134536487889783,655.6646833669872,646.4476444494474
27,0.98,0.04134536487889783,655.6646833669872,646.4476444494474,51.0,50.95,0.05,2.1065463405798446,48.843453659420156,637.0,634.3119999999999,622.0279999999999,633.0099731944501,635.6455161806749,646.4607519772513,,632.5215607525557,642.8853519632071,637.7671022299677,646.4607519772513,642.8853519632071,636.1795,633.9600044686347,635.6455161806749,632.5215607525557,Subcritical,Subcritical,488.39483851682235,33.09578441190197,620.9805668559201,34.619299961592056,9.037661190345116,-1.7216109426954063e-08,9.203931389735885,3.562292486240267,0.98,0.04070845508244849,652.4433073805797,645.2008420792632
28,0.98,0.04070845508244849,652.4433073805797,645.2008420792632,51.0,50.95,0.05,2.0740957864507505,48.875904213549255,637.0,634.3119999999999,622.0279999999999,633.0099731944501,635.6455161820799,645.2176170921176,,632.5552134358436,642.2476997590214,637.7734402238875,645.2176170921176,642.2476997590214,636.1795,633.9597398107796,635.6455161820799,632.5552134358436,Subcritical,Subcritical,394.68400306937383,33.09578441190197,551.5461787138283,34.61524718162155,9.037661190345116,-2.2066551252919453e-08,7.225690288462033,2.9531423202417955,0.98,0.04015112998351078,649.9143157796179,644.1672422671786
29,0.98,0.04015112998351078,649.9143157796179,644.1672422671786,51.0,50.95,0.05,2.045700072659874,48.904299927340126,637.0,634.3119999999999,622.0279999999999,633.0099731944501,635.6455161820799,644.1883437982649,,632.5875023789257,641.6978456943184,637.7789902582914,644.1883437982649,641.6978456943184,636.1795,633.959507346943,635.6455161820799,632.5875023789257,Subcritical,Subcritical,324.83596425991414,33.09578441190197,495.0193115951647,34.611688318091836,9.037661190345116,-2.8880734248559747e-08,5.725971981353041,2.469396572860205,0.98,0.03966256914917769,647.9102255861444,643.3029534666775
30,0.98,0.03966256914917769,647.9102255861444,643.3029534666775,51.0,50.95,0.05,2.0208078981506037,48.9291921018494,637.0,634.3119999999999,622.0279999999999,633.0099731944501,635.6455161820799,643.3290725169331,,632.6182259424478,641.2220684978515,637.7838585714549,643.3290725169331,641.2220684978515,636.1795,633.9593028891236,635.6455161820799,632.6182259424478,Subcritical,Subcritical,271.9128548898068,33.09578441190197,448.61120407594984,34.60855891924842,9.037661190345116,6.42643271930865e-10,4.581153069211268,2.0808849688260125,0.98,0.039233611994355974,646.3068220119204,642.5746437275884
31,0.98,0.039233611994355974,646.3068220119204,642.5746437275884,51.0,50.95,0.05,1.998952531112437,48.951047468887566,637.0,634.3119999999999,622.0279999999999,633.0099731944501,635.6455161820799,642.6064863988609,,632.647254179284,640.8091373399049,637.7881353344172,642.6064863988609,640.8091373399049,636.1795,633.9591228546947,635.6455161820799,632.647254179284,Subcritical,Subcritical,231.21853899137943,33.09578441190197,410.2174795052028,34.60580389237949,9.037661190345116,4.4539554266975756e-08,3.700335613059565,1.7655063876835584,0.98,0.038856463563791674,645.0117045473496,641.9567164918992
32,0.98,0.038856463563791674,645.0117045473496,641.9567164918992,51.0,50.95,0.05,1.9797368185751858,48.97026318142482,637.0,634.3119999999999,622.0279999999999,633.0099731944501,635.6455161820799,641.9949841830581,,632.6745195554346,640.449788590178,637.7918973702043,641.9949841830581,640.449788590178,636.1795,633.9589641671628,635.6455161820799,632.6745195554346,Subcritical,Subcritical,199.51231190368267,33.09578441190197,378.23198949046343,34.60337596057296,9.037661190345116,3.9920614369748364e-08,3.016720364291473,1.5069279017212693,0.98,0.03852446049128547,643.9558524198476,641.4292917262968
33,0.98,0.03852446049128547,643.9558524198476,641.4292917262968,51.0,50.95,0.05,1.9628212620309946,48.98717873796901,637.0,634.3119999999999,622.0279999999999,633.0099731944501,635.6455161820799,641.4746592778414,,632.7000048425347,640.1363270843476,637.7952105058581,641.4746592778414,640.1363270843476,636.1795,633.9588241668492,635.6455161820799,632.7000048425347,Subcritical,Subcritical,174.51654447743408,33.09578441190197,351.41576820825844,34.60123427787062,9.037661190345116,4.142293619224802e-09,2.481193142006191,1.2929646419491974,0.98,0.03823188324116718,643.0874348201454,640.9767541016146
34,0.98,0.03823188324116718,643.0874348201454,640.9767541016146,51.0,50.95,0.05,1.9479144511374678,49.00208554886254,637.0,634.3119999999999,622.0279999999999,633.0099731944501,635.6455161820799,641.0298472687454,,632.7237305736988,639.8623190602214,637.7981312992424,641.0298472687454,639.8623190602214,636.1795,633.9587005513459,635.6455161820799,632.7237305736988,Subcritical,Subcritical,154.60268838910392,33.09578441190197,328.8035537828034,34.59934350473337,9.037661190345116,-3.565479289591167e-08,2.0575875514000472,1.1144350413932216,0.98,0.03797380425142318,642.3672791771554,640.586701837127
35,0.98,0.03797380425142318,642.3672791771554,640.586701837127,51.0,50.95,0.05,1.934765326610011,49.01523467338999,637.0,634.3119999999999,622.0279999999999,633.0099731944501,635.6455161820799,640.6480757722705,,632.7457437398881,639.6223536203056,637.8007085574418,640.6480757722705,639.6223536203056,636.1795,633.9585913159698,635.6455161820799,632.7457437398881,Subcritical,Subcritical,138.58743024835044,33.09578441190197,309.6363048735161,34.59767288694313,9.037661190345116,2.915285790550115e-08,1.7192034048848654,0.9643482168213495,0.98,0.03774596417640977,641.7655579854458,640.2491799612395
36,0.98,0.03774596417640977,641.7655579854458,640.2491799612395,51.0,50.95,0.05,1.9231568747880778,49.026843125211926,637.0,634.3119999999999,622.0279999999999,633.0099731944501,635.6455161820799,640.319300383702,,632.7661087192148,639.4118554725796,637.8029844978898,640.319300383702,639.4118554725796,636.1795,633.9584947438389,635.6455161820799,632.7661087192148,Subcritical,Subcritical,125.59805275533988,33.09578441190197,293.31190389072464,34.596196095965624,9.037661190345116,-4.233196193581534e-08,1.4462576017438096,0.8373244886598741,0.98,0.03754467032038632,641.2593678248354,639.9561163902085
37,0.98,0.03754467032038632,641.2593678248354,639.9561163902085,51.0,50.95,0.05,1.9129009528236829,49.03709904717632,637.0,634.3119999999999,622.0279999999999,633.0099731944501,635.6455161820799,640.0353448941856,,632.7849003399461,639.2269368717522,637.8049957804828,640.0353448941856,639.2269368717522,636.1795,633.9584092967063,635.6455161820799,632.7849003399461,Subcritical,Subcritical,114.98200937319206,33.09578441190197,279.3487766999191,34.59488955356352,9.037661190345116,5.3807042377229664e-08,1.2240229306497667,0.7291795184563625,0.98,0.03736671272701855,640.830959799108,639.7009035587488
38,0.98,0.03736671272701855,640.830959799108,639.7009035587488,51.0,50.95,0.05,1.9038340134415954,49.04616598655841,637.0,634.3119999999999,622.0279999999999,633.0099731944501,635.6455161820799,639.7894881275445,,632.8021991764456,639.0642795315235,637.806774301514,639.7894881275445,639.0642795315235,636.1795,633.9583336745053,635.6455161820799,632.8021991764456,Subcritical,Subcritical,106.24521136196229,33.09578441190197,267.3587698586301,34.59373333785193,9.037661190345116,3.873337561799417e-08,1.0414716715634995,0.6366240272252526,0.98,0.03720929441774533,640.4664447140608,639.47808514922
39,0.98,0.03720929441774533,640.4664447140608,639.47808514922,51.0,50.95,0.05,1.8958135505841245,49.05418644941588,637.0,634.3119999999999,622.0279999999999,633.0099731944501,635.6455161820799,639.5761563306004,,632.8180882940442,638.9210396700948,637.8083478784412,639.5761563306004,638.9210396700948,636.1795,633.9582667161077,635.6455161820799,632.8180882940442,Subcritical,Subcritical,99.00924987047757,33.09578441190197,257.0267361425874,34.59270966231823,9.037661190345116,-4.246149387654441e-08,0.8902883834604154,0.5570454791251223,0.98,0.0370699730653318,640.1548437798497,639.2831192315261
40,0.98,0.0370699730653318,640.1548437798497,639.2831192315261,51.0,50.95,0.05,1.8887151276786553,49.061284872321345,637.0,634.3119999999999,622.0279999999999,633.0099731944501,635.6455161820799,639.3906919002384,,632.8326512542814,638.7947711772174,637.8097407957166,639.3906919002384,638.7947711772174,636.1795,633.9582073893994,635.6455161820799,632.8326512542814,Subcritical,Subcritical,92.98129726585259,33.09578441190197,248.09503847492692,34.591802721539814,9.037661190345116,2.6130415164971055e-08,0.7641518796112905,0.4883480543087444,0.98,0.036946611957702755,639.8873906219857,639.1121974125181
41,0.98,0.036946611957702755,639.8873906219857,639.1121974125181,51.0,50.95,0.05,1.8824298792449554,49.06757012075505,637.0,634.3119999999999,622.0279999999999,633.0099731944501,635.6455161820799,639.2291774774343,,632.8459708743841,638.6833629628867,637.8109743406922,639.2291774774343,638.6833629628867,636.1795,633.9581548210532,635.6455161820799,632.8459708743841,Subcritical,Subcritical,87.93262184436404,33.09578441190197,240.35168510544634,34.59099914425448,9.037661190345116,2.6258938135015342e-08,0.6582131445513824,0.4288344496313812,0.98,0.03683733857777346,639.6570160213927,638.9621053551471
42,0.98,0.03683733857777346,639.6570160213927,638.9621053551471,51.0,50.95,0.05,1.8768624005375578,49.07313759946244,637.0,634.3119999999999,622.0279999999999,633.0099731944501,635.6455161820799,639.0883004128187,,632.858128443256,638.5849875997454,637.8120671708136,639.0883004128187,638.5849875997454,636.1795,633.9581082270593,635.6455161820799,632.858128443256,Subcritical,Subcritical,83.68303870675057,33.09578441190197,233.6211773224709,34.59028692974099,9.037661190345116,-3.1783635279225564e-08,0.5687156085739389,0.3771177554016276,0.98,0.03674050943910711,639.4579655583918,638.8301141407565
43,0.98,0.03674050943910711,639.4579655583918,638.8301141407565,51.0,50.95,0.05,1.8719289559225074,49.0780710440775,637.0,634.3119999999999,622.0279999999999,633.0099731944501,635.6455161820799,638.9652468856722,,632.8692032252699,638.4980588575453,637.8130356609672,638.9652468856722,638.4980588575453,636.1795,633.9580669028014,635.6455161820799,632.8692032252699,Subcritical,Subcritical,80.0895098858978,33.09578441190197,227.7573891796779,34.58965529496816,9.037661190345116,4.2269732603017474e-08,0.4927186727196613,0.3320552832111616,0.98,0.0366546801167372,639.28551402294,638.7138947916326
44,0.98,0.0366546801167372,639.28551402294,638.7138947916326,51.0,50.95,0.05,1.8675559519477603,49.082444048052245,637.0,634.3119999999999,622.0279999999999,633.0099731944501,635.6455161820799,638.8576179751902,,632.8792721129208,638.4211965120286,637.8138942309768,638.8576179751902,638.4211965120286,636.1795,633.9580302627534,635.6455161820799,632.8792721129208,Subcritical,Subcritical,77.03768378214728,33.09578441190197,222.63799651923074,34.589095280375645,9.037661190345116,-2.23098766127805e-08,0.42789604774975487,0.2926982796039965,0.98,0.03657857960073055,639.1357504062275,638.6114503937712
45,0.98,0.03657857960073055,639.1357504062275,638.6114503937712,51.0,50.95,0.05,1.8636786306572215,49.086321369342784,637.0,634.3119999999999,622.0279999999999,633.0099731944501,635.6455161820799,638.7633622554988,,632.8884092993289,638.3531968899816,637.8146555540114,638.7633622554988,638.3531968899816,636.1795,633.9579977511614,635.6455161820799,632.8884092993289,Subcritical,Subcritical,74.43554681066792,33.09578441190197,218.16007953962693,34.5885983839409,9.037661190345116,2.5181968510423758e-08,0.37238815072873876,0.2582535037895468,0.98,0.036511088269775345,639.0054145534725,638.5210616674449
46,0.98,0.036511088269775345,639.0054145534725,638.5210616674449,51.0,50.95,0.05,1.860239947345054,49.08976005265495,637.0,634.3119999999999,622.0279999999999,633.0099731944501,635.6455161820799,638.6807208554297,,632.896686109528,638.2930082374364,637.8153308046907,638.6807208554297,638.2930082374364,636.1795,633.9579689115137,635.6455161820799,632.896686109528,Subcritical,Subcritical,72.20860805477318,33.09578441190197,214.2366382828756,34.58815762239397,9.037661190345116,-1.6502944788499008e-08,0.32469369804277903,0.22805343000845824,0.98,0.03645121890864106,638.8917717591576,638.4412429669419
47,0.98,0.03645121890864106,638.8917717591576,638.4412429669419,51.0,50.95,0.05,1.857189603395262,49.09281039660474,637.0,634.3119999999999,622.0279999999999,633.0099731944501,635.6455161820799,638.6081823928505,,632.9041707126647,638.2397098689825,637.8159298476428,638.6081823928505,638.2397098689825,636.1795,633.9579433170707,635.6455161820799,632.9041707126647,Subcritical,Subcritical,70.29621856245977,33.09578441190197,210.79380424337876,34.58776646900264,9.037661190345116,-3.294317707513983e-08,0.2835893663070692,0.20153309795944097,0.98,0.03639810030573537,638.7925154809501,638.3707063826561
48,0.98,0.03639810030573537,638.7925154809501,638.3707063826561,51.0,50.95,0.05,1.8544832105772173,49.09551678942279,637.0,634.3119999999999,622.0279999999999,633.0099731944501,635.6455161820799,638.5444455009848,,632.9109279929846,638.1924945424348,637.8164613764435,638.5444455009848,638.1924945424348,636.1795,633.9579206006377,635.6455161820799,632.9109279929846,Subcritical,Subcritical,68.64873021953714,33.09578441190197,207.76860181910018,34.587419308260436,9.037661190345116,-4.7049205420535145e-08,0.2480699799652939,0.1782118402212518,0.98,0.036350963033616755,638.7056909879623,638.3083322385786
49,0.98,0.036350963033616755,638.7056909879623,638.3083322385786,51.0,50.95,0.05,1.8520815665627737,49.09791843343723,637.0,634.3119999999999,622.0279999999999,633.0099731944501,635.6455161820799,638.4883875275701,,632.9170193711966,638.1506534634084,637.8169330922515,638.4883875275701,638.1506534634084,636.1795,633.9579004347175,635.6455161820799,632.9170193711966,Subcritical,Subcritical,67.22528858764255,33.09578441190197,205.10713843767522,34.58711113226964,9.037661190345116,-4.4829732814832823e-08,0.2173034603921451,0.15767877517021134,0.98,0.036309127097936586,638.629634776825,638.253144667269
50,0.98,0.036309127097936586,638.629634776825,638.253144667269,51.0,50.95,0.05,1.849950025639869,49.10004997436013,637.0,634.3119999999999,622.0279999999999,633.0099731944501,635.6455161820799,638.4390383052677,,632.9225027250797,638.1135634930581,637.8173517633528,638.4390383052677,638.1135634930581,636.1795,633.9578825315089,635.6455161820799,632.9225027250797,Subcritical,Subcritical,65.9921082976964,33.09578441190197,202.76313384476825,34.586837540514466,9.037661190345116,-3.855388541751381e-08,0.19059647155734183,0.139581174210889,0.98,0.03627199117146183,638.56292601178,638.2042912562952
51,0.98,0.03627199117146183,638.56292601178,638.2042912562952,51.0,50.95,0.05,1.8480579501859802,49.10194204981402,637.0,634.3119999999999,622.0279999999999,633.0099731944501,635.6455161820799,638.3955580009073,,632.9274323001653,638.0806761322468,637.8177234236449,638.3955580009073,638.0806761322468,636.1795,633.957866632983,635.6455161820799,632.9274323001653,Subcritical,Subcritical,64.92111543784878,33.09578441190197,200.6967144199735,34.58659458803836,9.037661190345116,1.249972569894453e-09,0.1673680108726785,0.1236151240483423,0.98,0.036239023213842946,638.5043472079745,638.1610259628783
52,0.98,0.036239023213842946,638.5043472079745,638.1610259628783,51.0,50.95,0.05,1.8463782327452982,49.10362176725471,637.0,634.3119999999999,622.0279999999999,633.0099731944501,635.6455161820799,638.357218368724,,632.9318586998135,638.0515080935807,637.8180533924848,638.357218368724,638.0515080935807,636.1795,633.9578525208086,635.6455161820799,632.9318586998135,Subcritical,Subcritical,63.988873331125376,33.09578441190197,198.87342492096084,34.58637893697236,9.037661190345116,-2.5886677690323268e-08,0.147128839250513,0.1095178692976333,0.98,0.03620975226024318,638.4528521142369,638.1226947086241
53,0.98,0.03620975226024318,638.4528521142369,638.1226947086241,51.0,50.95,0.05,1.84488687765939,49.10511312234061,637.0,634.3119999999999,622.0279999999999,633.0099731944501,635.6455161820799,638.3233869113773,,632.9358289447575,638.0256331635862,637.8183463590443,638.3233869113773,638.0256331635862,636.1795,633.9578399865776,635.6455161820799,632.9358289447575,Subcritical,Subcritical,63.17572969419555,33.09578441190197,197.26341162316862,34.58618740144974,9.037661190345116,-2.2924062648144172e-08,0.12946520285959195,0.09706154503783182,0.98,0.0361837612286899,638.407539293236,638.0887231678608
54,0.98,0.0361837612286899,638.407539293236,638.0887231678608,51.0,50.95,0.05,1.8435626346017506,49.10643736539825,637.0,634.3119999999999,622.0279999999999,633.0099731944501,635.6455161820799,638.2935134326965,,632.9393864830286,638.0026751466245,637.8186065063626,638.2935134326965,638.0026751466245,636.1795,633.9578288516551,635.6455161820799,632.9393864830286,Subcritical,Subcritical,62.46513535152057,33.09578441190197,195.84074300702594,34.58601725085507,9.037661190345116,2.072014382292764e-08,0.11402586053952746,0.08604802123636546,0.98,0.036160680618224486,638.3676302420472,638.0586063604281
55,0.98,0.036160680618224486,638.3676302420472,638.0586063604281,51.0,50.95,0.05,1.8423866774985376,49.107613322501464,637.0,634.3119999999999,622.0279999999999,633.0099731944501,635.6455161820799,638.2671185554117,,632.9425713388175,637.9823017317503,637.818837531194,638.2671185554117,637.9823017317503,636.1795,633.9578189671785,635.6455161820799,632.9425713388175,Subcritical,Subcritical,61.8430963592127,33.09578441190197,194.582842130011,34.58586620973771,9.037661190345116,-3.61737306775467e-09,0.1005116866355138,0.07630462867780352,0.98,0.036140182971175334,638.3324511517247,638.0318997403909
56,0.98,0.036140182971175334,638.3324511517247,638.0318997403909,51.0,50.95,0.05,1.8413423223813834,49.108657677618616,637.0,634.3119999999999,622.0279999999999,633.0099731944501,635.6455161820799,638.2437840053886,,632.9454202514141,637.9642192130536,637.8190427134782,638.2437840053886,637.9642192130536,636.1795,633.957810184285,635.6455161820799,632.9454202514141,Subcritical,Subcritical,61.29773378725188,33.09578441190197,193.47001402635138,34.585732002821956,9.037661190345116,1.717292974490192e-08,0.08866714633609263,0.06768052733730201,0.98,0.036121978000400706,638.3014176505071,638.0082115558229
57,0.98,0.036121978000400706,638.3014176505071,638.0082115558229,51.0,50.95,0.05,1.8404147791204162,49.10958522087959,637.0,634.3119999999999,622.0279999999999,633.0099731944501,635.6455161820799,638.2231442951709,,632.9479667744488,637.9481678252965,637.8192249411494,638.2231442951709,637.9481678252965,636.1795,633.9578023838848,635.6455161820799,632.9479667744488,Subcritical,Subcritical,60.818926560888485,33.09578441190197,192.48504389367946,34.58561280991572,9.037661190345116,2.256678044432192e-08,0.07827335533625046,0.060043730526331274,0.98,0.0361058083000206,638.2740219761395,637.9871962501386
58,0.98,0.0361058083000206,638.2740219761395,637.9871962501386,51.0,50.95,0.05,1.8395909328860498,49.110409067113956,637.0,634.3119999999999,622.0279999999999,633.0099731944501,635.6455161820799,638.204879608348,,632.9502415339201,637.9339177345485,637.8193868044168,638.204879608348,637.9339177345485,636.1795,633.9577954568118,635.6455161820799,632.9502415339201,Subcritical,Subcritical,60.39802071924137,33.09578441190197,191.61286117502564,34.58550696257615,9.037661190345116,2.5468267494943575e-09,0.06914236779141447,0.05327851559013652,0.98,0.03609144556721111,638.2498221474125,637.968548769682
59,0.98,0.03609144556721111,638.2498221474125,637.968548769682,51.0,50.95,0.05,1.8388591516494062,49.111140848350594,637.0,634.3119999999999,622.0279999999999,633.0099731944501,635.6455161820799,638.1887097458094,,632.952272327438,637.9212654357106,637.8195305858403,638.1887097458094,637.9212654357106,636.1795,633.9577893038243,635.6455161820799,632.952272327438,Subcritical,Subcritical,60.02759271278202,33.09578441190197,190.84024858433338,34.585412944088866,9.037661190345116,-2.2234566188217286e-08,0.06111240160305442,0.04728333397144979,0.98,0.036078687271743314,638.2284328068514,637.951999602792
60,0.98,0.036078687271743314,638.2284328068514,637.951999602792,51.0,50.95,0.05,1.838209116495322,49.11179088350468,637.0,634.3119999999999,622.0279999999999,633.0099731944501,635.6455161820799,638.1743889155537,,632.9540843822509,637.9100307355673,637.8196583000273,638.1743889155537,637.9100307355673,636.1795,633.9577838356048,635.6455161820799,632.9540843822509,Subcritical,Subcritical,59.70125473075608,33.09578441190197,190.15560258351604,34.58532938945813,9.037661190345116,-1.7975253285840154e-08,0.0540438912977379,0.04196886722468207,0.98,0.03606735370667167,638.2095174448972,637.9373104992633
61,0.98,0.03606735370667167,638.2095174448972,637.9373104992633,51.0,50.95,0.05,1.8376316713549217,49.11236832864508,637.0,634.3119999999999,622.0279999999999,633.0099731944501,635.6455161820799,638.1617012271136,,632.9557005041092,637.900053944245,637.8197717631012,638.1617012271136,637.900053944245,636.1795,633.9577789727598,635.6455161820799,632.9557005041092,Subcritical,Subcritical,59.41349358821668,33.09578441190197,189.54871879162323,34.58525508537586,9.037661190345116,4.67580179019933e-08,0.047816217783633874,0.037256555018302606,0.98,0.036057285398240296,638.192781768673,637.9242707050068
62,0.98,0.036057285398240296,638.192781768673,637.9242707050068,51.0,50.95,0.05,1.8371186910403432,49.11288130895966,637.0,634.3119999999999,622.0279999999999,633.0099731944501,635.6455161820799,638.1504569005222,,632.9571412856728,637.8911935827285,637.8198725530058,638.1504569005222,637.8911935827285,636.1795,633.9577746656686,635.6455161820799,632.9571412856728,Subcritical,Subcritical,59.15953932387919,33.09578441190197,189.01061842267907,34.58518927350469,9.037661190345116,-5.924903945242477e-08,0.04232486815078573,0.033077122278314164,0.98,0.036048340796974096,638.1779680648202,637.9126937122095
63,0.98,0.036048340796974096,638.1779680648202,637.9126937122095,51.0,50.95,0.05,1.8366629636058303,49.11333703639417,637.0,634.3119999999999,622.0279999999999,633.0099731944501,635.6455161820799,638.1404889020175,,632.9584252851456,637.883324179694,637.819962098822,638.1404889020175,637.883324179694,636.1795,633.9577708250135,635.6455161820799,632.9584252851456,Subcritical,Subcritical,58.935253851924344,33.09578441190197,188.53338764928014,34.58513058897552,9.037661190345116,2.10952890711269e-08,0.03747916280269692,0.029369532515488572,0.98,0.03604039425522011,638.1648503578393,637.902414375829
64,0.98,0.03604039425522011,638.1648503578393,637.902414375829,51.0,50.95,0.05,1.8362580873034648,49.11374191269654,637.0,634.3119999999999,622.0279999999999,633.0099731944501,635.6455161820799,638.1316500958055,,632.9595691850633,637.8763344950825,637.8200416509956,638.1316500958055,637.8763344950825,636.1795,633.957767421022,635.6455161820799,632.9595691850633,Subcritical,Subcritical,58.737039323054816,33.09578441190197,188.11004878681592,34.58507857678435,9.037661190345116,-1.0547680062700238e-08,0.033200262033801664,0.026079880746578965,0.98,0.03603333422291696,638.1532302661275,637.8932864175678
65,0.98,0.03603333422291696,638.1532302661275,637.8932864175678,51.0,50.95,0.05,1.8358983786576193,49.114101621342385,637.0,634.3119999999999,622.0279999999999,633.0099731944501,635.6455161820799,638.1238107729405,,632.9605879709273,637.8701258726865,637.8201123309583,638.1238107729405,637.8701258726865,636.1795,633.9577643941492,635.6455161820799,632.9605879709273,Subcritical,Subcritical,58.5617612025392,33.09578441190197,187.7344439049719,34.58503232703329,9.037661190345116,-7.752646524750162e-09,0.02941949318699244,0.023160544881307032,0.98,0.036027061655546325,638.142933443512,637.8851802268593
66,0.98,0.036027061655546325,638.142933443512,637.8851802268593,51.0,50.95,0.05,1.8355787913500854,49.114421208649915,637.0,634.3119999999999,622.0279999999999,633.0099731944501,635.6455161820799,638.1168564580828,,632.9614951098413,637.8646107713729,637.8201751212031,638.1168564580828,637.8646107713729,636.1795,633.9577617046982,635.6455161820799,632.9614951098413,Subcritical,Subcritical,58.40668243247887,33.09578441190197,187.40113290161253,34.58499123311418,9.037661190345116,-4.272763476365071e-09,0.02607698542919934,0.02056945548645217,0.98,0.036021488604535884,638.1338064986118,637.8779809174391
67,0.98,0.036021488604535884,638.1338064986118,637.8779809174391,51.0,50.95,0.05,1.8352948444011035,49.1147051555989,637.0,634.3119999999999,622.0279999999999,633.0099731944501,635.6455161820799,638.1106861231476,,632.9623026398272,637.8597115146368,637.8202309149057,638.1106861231476,637.8597115146368,636.1795,633.9577593129724,635.6455161820799,632.9623026398272,Subcritical,Subcritical,58.269410460349704,33.09578441190197,187.10530764337233,34.58495468843333,9.037661190345116,2.5097008915508923e-08,0.02312037546414558,0.01826940280227518,0.98,0.036016536970310556,638.1257143671993,637.8715866264583
68,0.98,0.036016536970310556,638.1257143671993,637.8715866264583,51.0,50.95,0.05,1.835042558637323,49.11495744136268,637.0,634.3119999999999,622.0279999999999,633.0099731944501,635.6455161820799,638.1052104704231,,632.9630213583857,637.8553591790944,637.8202804960757,638.1052104704231,637.8553591790944,636.1795,633.9577571891994,635.6455161820799,632.9630213583857,Subcritical,Subcritical,58.14784875234983,33.09578441190197,186.84271674273418,34.58492223804843,9.037661190345116,3.460453257275731e-08,0.02050389677617659,0.016227447363917236,0.98,0.03601213739194046,638.1185380033277,637.865907019881
69,0.98,0.03601213739194046,638.1185380033277,637.865907019881,51.0,50.95,0.05,1.8348184001193666,49.115181599880636,637.0,634.3119999999999,622.0279999999999,633.0099731944501,635.6455161820799,638.1003505729586,,632.9636609316617,637.8514925921411,637.8203245395571,638.1003505729586,637.8514925921411,636.1795,633.9577553036064,635.6455161820799,632.9636609316617,Subcritical,Subcritical,58.040158557174664,33.09578441190197,186.60959869365172,34.584893427017974,9.037661190345116,2.4964244005332148e-08,0.018187430369039248,0.014414427739893654,0.98,0.03600822826225168,638.1121724026985,637.860861970172
70,0.98,0.03600822826225168,638.1121724026985,637.860861970172,51.0,50.95,0.05,1.8346192299617232,49.11538077003828,637.0,634.3119999999999,622.0279999999999,633.0099731944501,635.6455161820799,638.0960366141945,,632.9642299639136,637.8480574288517,637.8203636705726,638.0960366141945,637.8480574288517,636.1795,633.9577536264211,635.6455161820799,632.9642299639136,Subcritical,Subcritical,57.94472465665541,33.09578441190197,186.40262239035815,34.584867800412205,9.037661190345116,3.812080962006803e-08,0.01613578850401609,0.012804541320292628,0.98,0.03600475486347509,638.1065248767221,637.8563803807099
71,0.98,0.03600475486347509,638.1065248767221,637.8563803807099,51.0,50.95,0.05,1.834442260294056,49.11555773970595,637.0,634.3119999999999,622.0279999999999,633.0099731944501,635.6455161820799,638.0922068161517,,632.9647361761481,637.8450054775924,637.8203984448761,638.0922068161517,637.8450054775924,636.1795,633.9577521377951,635.6455161820799,632.9647361761481,Subcritical,Subcritical,57.86012669754493,33.09578441190197,186.2188389122184,34.584845054941525,9.037661190345116,2.936208431947307e-08,0.014318060570417401,0.011374903117484791,0.98,0.03600166859235844,638.1015135555225,637.8523991646188
72,0.98,0.03600166859235844,638.1015135555225,637.8523991646188,51.0,50.95,0.05,1.8342850147806626,49.11571498521934,637.0,634.3119999999999,622.0279999999999,633.0099731944501,635.6455161820799,638.0888064767868,,632.9651864458174,637.8422939354032,637.8204293487519,638.0888064767868,637.8422939354032,636.1795,633.9577508178801,635.6455161820799,632.9651864458174,Subcritical,Subcritical,57.78511403415934,33.09578441190197,186.05563596128792,34.58482488732179,9.037661190345116,-1.3495053963197279e-08,0.012707078735729738,0.010105229215582767,0.98,0.035998926273530206,638.097066077965,637.8488623343933
73,0.98,0.035998926273530206,638.097066077965,637.8488623343933,51.0,50.95,0.05,1.834145293636364,49.11585470636364,637.0,634.3119999999999,622.0279999999999,633.0099731944501,635.6455161820799,638.0857871661335,,632.9655869159848,637.8398847728521,637.8204567990155,638.0857871661335,637.8398847728521,636.1795,633.9577496369034,635.6455161820799,632.9655869159848,Subcritical,Subcritical,57.718584936670474,33.09578441190197,185.91069716742305,34.58480684263074,9.037661190345116,4.9556746262169327e-08,0.011278911831482219,0.008977561541200885,0.98,0.03599648955242819,638.0931184588239,637.8457201878539
74,0.98,0.03599648955242819,638.0931184588239,637.8457201878539,51.0,50.95,0.05,1.8340211426962165,49.11597885730379,637.0,634.3119999999999,622.0279999999999,633.0099731944501,635.6455161820799,638.0831059522181,,632.9659430548697,637.8377442378253,637.8204811926336,638.0831059522181,637.8377442378253,636.1795,633.9577485948652,635.6455161820799,632.9659430548697,Subcritical,Subcritical,57.659567129659735,33.09578441190197,185.78197029076298,34.584790920864016,9.037661190345116,1.4263214609400166e-08,0.010012506605789895,0.007975950028594525,0.98,0.03599432435661184,638.089614081512,637.8429286053439
75,0.98,0.03599432435661184,638.089614081512,637.8429286053439,51.0,50.95,0.05,1.8339108259693733,49.11608917403063,637.0,634.3119999999999,622.0279999999999,633.0099731944501,635.6455161820799,638.0807247956842,,632.9662597451658,637.8358423493952,637.8205028769523,638.0807247956842,637.8358423493952,636.1795,633.9577476719171,635.6455161820799,632.9662597451658,Subcritical,Subcritical,57.60720257775428,33.09578441190197,185.66763524745974,34.58477681874323,9.037661190345116,-5.4226966028636525e-08,0.00888928582776316,0.007086255948706821,0.98,0.03599240041676094,638.0865028314722,637.8404484157619
76,0.98,0.03599240041676094,638.0865028314722,637.8404484157619,51.0,50.95,0.05,1.8338128012339698,49.116187198766035,637.0,634.3119999999999,622.0279999999999,633.0099731944501,635.6455161820799,638.0786099841148,,632.9665413336605,637.8341524710804,637.8205221397727,638.0786099841148,637.8341524710804,636.1795,633.9577468382865,635.6455161820799,632.9665413336605,Subcritical,Subcritical,57.56073355684973,33.09578441190197,185.56607724534334,34.584764081354585,9.037661190345116,5.27851540255142e-08,0.007892847357425126,0.006295944681482979,0.98,0.03599069083990559,638.0837403348971,637.8382448351234
77,0.98,0.03599069083990559,638.0837403348971,637.8382448351234,51.0,50.95,0.05,1.8337256982931898,49.11627430170681,637.0,634.3119999999999,622.0279999999999,633.0099731944501,635.6455161820799,638.0767316060513,,632.9667916907817,637.8326509436517,637.8205392490477,638.0767316060513,637.8326509436517,636.1795,633.9577461138218,635.6455161820799,632.9667916907817,Subcritical,Subcritical,57.51948992564804,33.09578441190197,185.4758637613929,34.58475301196548,9.037661190345116,-5.4547108163660596e-08,0.007008728845789847,0.005593891471676216,0.98,0.03598917173365273,638.0812872798011,637.8362869731084
78,0.98,0.03598917173365273,638.0812872798011,637.8362869731084,51.0,50.95,0.05,1.8336482998296066,49.1163517001704,637.0,634.3119999999999,622.0279999999999,633.0099731944501,635.6455161820799,638.0750631441027,,632.9670142701417,637.8313167774826,637.8205544628054,638.0750631441027,637.8313167774826,636.1795,633.9577454588264,635.6455161820799,632.9670142701417,Subcritical,Subcritical,57.48287927033397,33.09578441190197,185.39572530316474,34.584743004032354,9.037661190345116,-1.0272493966567708e-08,0.006224135698403188,0.00497019562578771,0.98,0.035987821870214654,638.0791088323067,637.8345474046394
79,0.98,0.035987821870214654,638.0791088323067,637.8345474046394,51.0,50.95,0.05,1.8335795242874366,49.116420475712566,637.0,634.3119999999999,622.0279999999999,633.0099731944501,635.6455161820799,638.0735810680538,,632.9672121482342,637.8301312952786,637.8205679795295,638.0735810680538,637.8301312952786,636.1795,633.9577448832243,635.6455161820799,632.9672121482342,Subcritical,Subcritical,57.450377249554535,33.09578441190197,185.32453335339505,34.58473420918831,9.037661190345116,-5.076912401591471e-08,0.005527764252860834,0.004416109360704468,0.98,0.0359866223890011,638.0771741148181,637.833001766363
