segment,sn,chainage,easting,northing,bed_elevation,bed_width,side_slope,section_type,deflection_angle_deg,dx,q_used,lateral_inflow,y_forward,area_forward,perimeter_forward,radius_forward,velocity_forward,ws_forward,eg_forward,sf_forward,froude_forward,specific_force_forward,error_forward,done_forward,valid_forward,critical_default_forward,iterations_forward,local_loss_forward,fallback_forward,y_backward,area_backward,perimeter_backward,radius_backward,velocity_backward,ws_backward,eg_backward,sf_backward,froude_backward,specific_force_backward,error_backward,done_backward,valid_backward,critical_default_backward,iterations_backward,local_loss_backward,fallback_backward,y_final,ws_final,eg_final,sf_final,froude_final,specific_force_final,final_source,regime,spill_crest_left,spill_crest_right,spill_left,spill_right,spill_extra,spill_total,cumulative_spill,cumulative_lateral_inflow,q_after_row,spill_to_drain
forebay,1,0.0,616065.73,3096621.868,631.875,10.206,0.0,Junction,0.0,0.0,1.833518410719606,0.0,0.14872939474880695,1.5179322028063236,10.503458789497614,0.14451736644352817,1.207905338150039,632.0237293947488,632.0980940892407,0.004328674544727404,0.9999999806192373,0.33864169793881566,0.0,True,True,True,0,0.0,True,0.14872939474880695,1.5179322028063236,10.503458789497614,0.14451736644352817,1.207905338150039,632.0237293947488,632.0980940892407,0.004328674544727404,0.9999999806192373,0.33864169793881566,-0.2402514235373019,True,True,False,1,0.0024219143390882616,False,0.14872939474880695,632.0237293947488,632.0980940892407,0.004328674544727404,0.9999999806192373,0.33864169793881566,forward,Subcritical,,,0.0,0.0,0.0,0.0,0.0,0.0,1.833518410719606,0.0
forebay,2,1.0,616065.73,3096620.868,631.6521538,12.126,0.0,Junction,0.0,1.0,1.833518410719606,0.0,0.1325832944363583,1.6077050283352807,12.391166588872716,0.12974605875922948,1.140456973390291,631.7847370944363,631.8510287411312,0.004455345921483644,0.999999996053437,0.3197322420254275,0.0,True,True,True,0,0.0,False,0.1325832944363356,1.6077050283350054,12.39116658887267,0.12974605875920775,1.1404569733904861,631.7847370944363,631.8510287411312,0.004455345921486164,0.9999999960536937,0.3197322420254275,-0.37493244499273715,True,True,True,0,0.1214519691210261,True,0.1325832944363583,631.7847370944363,631.8510287411312,0.004455345921483644,0.999999996053437,0.3197322420254275,forward,Subcritical,,,0.0,0.0,0.0,0.0,0.0,0.0,1.833518410719606,0.0
forebay,3,2.0,616065.73,3096619.868,631.4293077,13.644,0.0,Junction,0.0,1.0,1.833518410719606,0.0,0.12255735136568549,1.6721725020334128,13.889114702731371,0.12039446270139671,1.0964887943618207,631.5518650513657,631.613143730069,0.004550392892819907,1.0000000246462089,0.30740555941546166,0.2318782512576263,True,True,False,1,0.0015038903974541843,False,0.12255735136568549,1.6721725020334128,13.889114702731371,0.12039446270139671,1.0964887943618207,631.5518650513657,631.613143730069,0.004550392892819907,1.0000000246462089,0.30740555941546166,-0.22838325100258317,True,True,False,1,0.0011253207402222535,False,0.12255735136568549,631.5518650513657,631.613143730069,0.004550392892819907,1.0000000246462089,0.30740555941546166,forward,Supercritical,,,0.0,0.0,0.0,0.0,0.0,0.0,1.833518410719606,0.0
forebay,4,3.0,616065.73,3096618.868,631.2064615,15.0,0.0,Junction,0.0,1.0,1.833518410719606,0.0,0.115055226162076,1.72582839243114,15.230110452324151,0.1133168664688032,1.0623990303791244,631.3215167261621,631.3790443357315,0.004631252296693454,0.999999969478176,0.29784835189097836,-0.011365871685484308,True,True,True,0,0.024333473277672813,True,0.115055226162076,1.72582839243114,15.230110452324151,0.1133168664688032,1.0623990303791244,631.3215167261621,631.3790443357315,0.004631252296693454,0.999999969478176,0.29784835189097836,-0.30398761142055264,True,True,True,0,0.07550736375700562,True,0.115055226162076,631.3215167261621,631.3790443357315,0.004631252296693454,0.999999969478176,0.29784835189097836,forward,Subcritical,,,0.0,0.0,0.0,0.0,0.0,0.0,1.833518410719606,0.0
forebay,5,4.0,616065.73,3096617.868,630.9836154,17.0,0.0,Junction,0.0,1.0,1.833518410719606,0.0,0.10584440641105178,1.7993549089878802,17.211688812822104,0.10454261220708476,1.0189865276500356,631.089459806411,631.1423820053678,0.0047438207689296606,0.9999999598586906,0.2856774631069943,0.2305931706470119,True,True,False,1,0.0013816231837649377,False,0.10584440641105178,1.7993549089878802,17.211688812822104,0.10454261220708476,1.0189865276500356,631.089459806411,631.1423820053678,0.0047438207689296606,0.9999999598586906,0.2856774631069943,-0.22826182370226888,True,True,False,1,0.001134673062016308,False,0.10584440641105178,631.089459806411,631.1423820053678,0.0047438207689296606,0.9999999598586906,0.2856774631069943,forward,Subcritical,,,0.0,0.0,0.0,0.0,0.0,0.0,1.833518410719606,0.0
forebay,6,5.0,616065.73,3096616.868,630.7607692,19.0,0.0,Junction,0.0,1.0,1.833518410719606,0.0,0.09827991984784606,1.8673184771090752,19.19655983969569,0.097273599681529,0.9818991421100286,630.8590491198479,630.9081890752647,0.004849045908826484,0.9999999541393134,0.27527984855832505,2.1079813450342044e-09,True,True,True,0,0.014782693759245808,True,0.09827991984784606,1.8673184771090752,19.19655983969569,0.097273599681529,0.9818991421100286,630.8590491198479,630.9081890752647,0.004849045908826484,0.9999999541393134,0.27527984855832505,-0.1991855009146093,True,True,True,0,0.03678518681455848,True,0.09827991984784606,630.8590491198479,630.9081890752647,0.004849045908826484,0.9999999541393134,0.27527984855832505,forward,Subcritical,,,0.0,0.0,0.0,0.0,0.0,0.0,1.833518410719606,0.0
forebay,7,6.0,616065.73,3096615.868,630.5379231,11.881,0.0,Normal,0.0,1.0,1.833518410719606,0.0,0.13439976684749128,1.5968036299150439,12.149799533694983,0.13142633551167948,1.148242887459591,630.6723228668475,630.739522751078,0.004439562566553855,1.0000000060023166,0.32191505591902925,0.16221602706764315,True,True,False,1,0.001805992881371705,False,0.13436095289551991,1.5963424813516722,12.14972190579104,0.13138921974755588,1.1485745898130266,630.6722840528955,630.7395227678987,0.004443801126921797,1.0004333546169157,0.3219150827734414,-0.2195917578001172,True,True,False,104,0.00014367612751256946,False,0.13436095289551991,630.6722840528955,630.7395227678987,0.004443801126921797,1.0004333546169157,0.3219150827734414,backward,Supercritical,,,0.0,0.0,0.0,0.0,0.0,0.0,1.833518410719606,0.0
forebay,8,7.0,616065.73,3096614.868,630.3150769,12.0,0.0,Normal,0.0,1.0,1.833518410719606,0.0,0.13350976295769215,1.602117155492306,12.267019525915384,0.1306036199019381,1.1444346653639035,630.4485866629577,630.515341540801,0.004447243485099523,0.9999999727698347,0.32084741084137364,-0.10129505860095378,True,True,True,0,0.018732089902823497,True,0.13350484649413388,1.6020581579296067,12.267009692988267,0.13059891514109845,1.1444768104355982,630.4485817464941,630.5153415410724,0.004447784670435947,1.0000552124350988,0.32084741127604444,-0.2203352739204547,True,True,False,102,0.00021956344587664573,False,0.13350484649413388,630.4485817464941,630.5153415410724,0.004447784670435947,1.0000552124350988,0.32084741127604444,backward,Supercritical,635.5,,0.0,0.0,0.0,0.0,0.0,0.0,1.833518410719606,0.0
forebay,9,8.0,616065.73,3096613.868,630.0922308,12.197,0.0,Normal,0.0,1.0,1.833518410719606,0.0,0.13206827007234098,1.6108366900723428,12.46113654014468,0.1292688419617975,1.1382397868261014,630.2242990700723,630.290333209334,0.00445989771048299,1.0000000319947975,0.31911063615353824,0.2203385392947439,True,True,False,1,0.0002162215745055221,False,0.13207449334815366,1.6109125953674301,12.461148986696307,0.12927480420042023,1.1381861536077953,630.2243052933482,630.2903332097735,0.004459203194726288,0.9999293536691327,0.31911063686144386,-0.22410334467519988,True,True,False,98,0.0006352738599041632,False,0.13207449334815366,630.2243052933482,630.2903332097735,0.004459203194726288,0.9999293536691327,0.31911063686144386,backward,Subcritical,635.5,,0.0,0.0,0.0,0.0,0.0,0.0,1.833518410719606,0.0
forebay,10,9.0,616065.73,3096612.868,629.8693846,12.81,0.0,Normal,0.0,1.0,1.833518410719606,0.0,0.12782067023217683,1.6373827856741852,13.065641340464355,0.12531974076184096,1.1197860553814623,629.9972052702321,630.0611156071244,0.00449876503327016,1.0000000138960614,0.313937053453906,-0.10404095063836394,True,True,True,0,0.018557231787713954,True,0.12782067023217683,1.6373827856741852,13.065641340464355,0.12531974076184096,1.1197860553814623,629.9972052702321,630.0611156071244,0.00449876503327016,1.0000000138960614,0.313937053453906,-0.22361440366432817,True,True,False,1,0.0005873425694425741,False,0.12782067023217683,629.9972052702321,630.0611156071244,0.00449876503327016,1.0000000138960614,0.313937053453906,forward,Supercritical,635.5,,0.0,0.0,0.0,0.0,0.0,0.0,1.833518410719606,0.0
forebay,11,10.0,616065.73,3096611.868,629.6465385,13.422,0.0,Normal,0.0,1.0,1.833518410719606,0.0,0.12390505410730843,1.6630536362282937,13.669810108214618,0.12165886892817279,1.1025010683828071,629.7704435541074,629.8323960824349,0.004536791878173976,1.0000000102806905,0.3090911304072278,0.22361440366432817,True,True,False,1,0.0005873425694425741,False,0.12390505410730843,1.6630536362282937,13.669810108214618,0.12165886892817279,1.1025010683828071,629.7704435541074,629.8323960824349,0.004536791878173976,1.0000000102806905,0.3090911304072278,-0.3284668082983444,True,True,True,0,0.09609429714105823,True,0.12390505410730843,629.7704435541074,629.8323960824349,0.004536791878173976,1.0000000102806905,0.3090911304072278,forward,Supercritical,635.5,,0.0,0.0,0.0,0.0,0.0,0.0,1.833518410719606,0.0
forebay,12,11.0,616065.73,3096610.868,629.4236923,14.035,0.0,Normal,0.0,1.0,1.833518410719606,0.0,0.12027043960988523,1.6879956199247392,14.27554087921977,0.11824389942253428,1.0862104078216477,629.5439627396098,629.6040979613255,0.004574097804269511,1.0000000158863414,0.304523969352226,-0.062195152468461856,True,True,True,0,0.02859893508187781,True,0.12027043960988523,1.6879956199247392,14.27554087921977,0.11824389942253428,1.0862104078216477,629.5439627396098,629.6040979613255,0.004574097804269511,1.0000000158863414,0.304523969352226,-0.22280862968239035,True,True,False,1,0.0005060960599783871,False,0.12027043960988523,629.5439627396098,629.6040979613255,0.004574097804269511,1.0000000158863414,0.304523969352226,forward,Supercritical,635.5,,0.0,0.0,0.0,0.0,0.0,0.0,1.833518410719606,0.0
forebay,13,12.0,616065.73,3096609.868,629.2008462,14.647,0.0,Normal,0.0,1.0,1.833518410719606,0.0,0.11689646877348425,1.7121825781252238,14.88079293754697,0.1150599020704786,1.070866176390628,629.3177426687735,629.3761909036225,0.004610566116867498,1.0000000039544663,0.3002221475004363,0.22280862968239035,True,True,False,1,0.0005060960599783871,False,0.11689646877348425,1.7121825781252238,14.88079293754697,0.1150599020704786,1.070866176390628,629.3177426687735,629.3761909036225,0.004610566116867498,1.0000000039544663,0.3002221475004363,-0.300206448319841,True,True,True,0,0.07858362054399674,True,0.11689646877348425,629.3177426687735,629.3761909036225,0.004610566116867498,1.0000000039544663,0.3002221475004363,forward,Supercritical,635.5,,0.0,0.0,0.0,0.0,0.0,0.0,1.833518410719606,0.0
forebay,14,13.0,616065.73,3096608.868,628.978,15.0,0.0,Normal,0.0,1.0,1.833518410719606,0.0,0.115055226162076,1.72582839243114,15.230110452324151,0.1133168664688032,1.0623990303791244,629.093055226162,629.1505828357314,0.004631252296693454,0.999999969478176,0.29784835189097836,-0.020170329129427955,True,True,True,0,0.02461651766311397,True,0.115055226162076,1.72582839243114,15.230110452324151,0.1133168664688032,1.0623990303791244,629.093055226162,629.1505828357314,0.004631252296693454,0.999999969478176,0.29784835189097836,0.004631252296690036,True,True,False,1,0.0,False,0.115055226162076,629.093055226162,629.1505828357314,0.004631252296693454,0.999999969478176,0.29784835189097836,forward,Subcritical,635.5,,0.0,0.0,0.0,0.0,0.0,0.0,1.833518410719606,0.0
forebay,15,14.0,616065.73,3096607.868,628.978,15.0,0.0,Normal,0.0,1.0,1.833518410719606,0.0,0.115055226162076,1.72582839243114,15.230110452324151,0.1133168664688032,1.0623990303791244,629.093055226162,629.1505828357314,0.004631252296693454,0.999999969478176,0.29784835189097836,-0.004631252296690036,True,True,False,1,0.0,False,0.115055226162076,1.72582839243114,15.230110452324151,0.1133168664688032,1.0623990303791244,629.093055226162,629.1505828357314,0.004631252296693454,0.999999969478176,0.29784835189097836,0.004631252296690036,True,True,False,1,0.0,False,0.115055226162076,629.093055226162,629.1505828357314,0.004631252296693454,0.999999969478176,0.29784835189097836,forward,Subcritical,635.5,,0.0,0.0,0.0,0.0,0.0,0.0,1.833518410719606,0.0
forebay,16,15.0,616065.73,3096606.868,628.978,15.0,0.0,Normal,0.0,1.0,1.833518410719606,0.0,0.115055226162076,1.72582839243114,15.230110452324151,0.1133168664688032,1.0623990303791244,629.093055226162,629.1505828357314,0.004631252296693454,0.999999969478176,0.29784835189097836,-0.004631252296690036,True,True,False,1,0.0,False,0.115055226162076,1.72582839243114,15.230110452324151,0.1133168664688032,1.0623990303791244,629.093055226162,629.1505828357314,0.004631252296693454,0.999999969478176,0.29784835189097836,0.004631252296690036,True,True,False,1,0.0,False,0.115055226162076,629.093055226162,629.1505828357314,0.004631252296693454,0.999999969478176,0.29784835189097836,forward,Subcritical,635.5,,0.0,0.0,0.0,0.0,0.0,0.0,1.833518410719606,0.0
forebay,17,16.0,616065.73,3096605.868,628.978,15.0,0.0,Normal,0.0,1.0,1.833518410719606,0.0,0.115055226162076,1.72582839243114,15.230110452324151,0.1133168664688032,1.0623990303791244,629.093055226162,629.1505828357314,0.004631252296693454,0.999999969478176,0.29784835189097836,-0.004631252296690036,True,True,False,1,0.0,False,0.115055226162076,1.72582839243114,15.230110452324151,0.1133168664688032,1.0623990303791244,629.093055226162,629.1505828357314,0.004631252296693454,0.999999969478176,0.29784835189097836,0.004631252296690036,True,True,False,1,0.0,False,0.115055226162076,629.093055226162,629.1505828357314,0.004631252296693454,0.999999969478176,0.29784835189097836,forward,Subcritical,635.5,,0.0,0.0,0.0,0.0,0.0,0.0,1.833518410719606,0.0
forebay,18,17.0,616065.73,3096604.868,628.978,15.0,0.0,Normal,0.0,1.0,1.833518410719606,0.0,0.115055226162076,1.72582839243114,15.230110452324151,0.1133168664688032,1.0623990303791244,629.093055226162,629.1505828357314,0.004631252296693454,0.999999969478176,0.29784835189097836,-0.004631252296690036,True,True,False,1,0.0,False,0.115055226162076,1.72582839243114,15.230110452324151,0.1133168664688032,1.0623990303791244,629.093055226162,629.1505828357314,0.004631252296693454,0.999999969478176,0.29784835189097836,0.004631252296690036,True,True,False,1,0.0,False,0.115055226162076,629.093055226162,629.1505828357314,0.004631252296693454,0.999999969478176,0.29784835189097836,forward,Subcritical,635.5,,0.0,0.0,0.0,0.0,0.0,0.0,1.833518410719606,0.0
forebay,19,18.0,616065.73,3096603.868,628.978,15.0,0.0,Normal,0.0,1.0,1.833518410719606,0.0,0.115055226162076,1.72582839243114,15.230110452324151,0.1133168664688032,1.0623990303791244,629.093055226162,629.1505828357314,0.004631252296693454,0.999999969478176,0.29784835189097836,-0.004631252296690036,True,True,False,1,0.0,False,0.115055226162076,1.72582839243114,15.230110452324151,0.1133168664688032,1.0623990303791244,629.093055226162,629.1505828357314,0.004631252296693454,0.999999969478176,0.29784835189097836,0.004631252296690036,True,True,False,1,0.0,False,0.115055226162076,629.093055226162,629.1505828357314,0.004631252296693454,0.999999969478176,0.29784835189097836,forward,Subcritical,635.5,,0.0,0.0,0.0,0.0,0.0,0.0,1.833518410719606,0.0
forebay,20,19.0,616065.73,3096602.868,628.978,15.0,0.0,Normal,0.0,1.0,1.833518410719606,0.0,0.115055226162076,1.72582839243114,15.230110452324151,0.1133168664688032,1.0623990303791244,629.093055226162,629.1505828357314,0.004631252296693454,0.999999969478176,0.29784835189097836,-0.004631252296690036,True,True,False,1,0.0,False,0.115055226162076,1.72582839243114,15.230110452324151,0.1133168664688032,1.0623990303791244,629.093055226162,629.1505828357314,0.004631252296693454,0.999999969478176,0.29784835189097836,0.004631252296690036,True,True,False,1,0.0,False,0.115055226162076,629.093055226162,629.1505828357314,0.004631252296693454,0.999999969478176,0.29784835189097836,forward,Subcritical,635.5,,0.0,0.0,0.0,0.0,0.0,0.0,1.833518410719606,0.0
forebay,21,20.0,616065.73,3096601.868,628.978,15.0,0.0,Normal,0.0,1.0,1.833518410719606,0.0,0.115055226162076,1.72582839243114,15.230110452324151,0.1133168664688032,1.0623990303791244,629.093055226162,629.1505828357314,0.004631252296693454,0.999999969478176,0.29784835189097836,-0.004631252296690036,True,True,False,1,0.0,False,0.115055226162076,1.72582839243114,15.230110452324151,0.1133168664688032,1.0623990303791244,629.093055226162,629.1505828357314,0.004631252296693454,0.999999969478176,0.29784835189097836,0.004631252296690036,True,True,False,1,0.0,False,0.115055226162076,629.093055226162,629.1505828357314,0.004631252296693454,0.999999969478176,0.29784835189097836,forward,Subcritical,635.5,,0.0,0.0,0.0,0.0,0.0,0.0,1.833518410719606,0.0
forebay,22,21.0,616065.73,3096600.868,628.978,15.0,0.0,Normal,0.0,1.0,1.833518410719606,0.0,0.115055226162076,1.72582839243114,15.230110452324151,0.1133168664688032,1.0623990303791244,629.093055226162,629.1505828357314,0.004631252296693454,0.999999969478176,0.29784835189097836,-0.004631252296690036,True,True,False,1,0.0,False,0.115055226162076,1.72582839243114,15.230110452324151,0.1133168664688032,1.0623990303791244,629.093055226162,629.1505828357314,0.004631252296693454,0.999999969478176,0.29784835189097836,0.004631252296690036,True,True,False,1,0.0,False,0.115055226162076,629.093055226162,629.1505828357314,0.004631252296693454,0.999999969478176,0.29784835189097836,forward,Subcritical,635.5,,0.0,0.0,0.0,0.0,0.0,0.0,1.833518410719606,0.0
forebay,23,22.0,616065.73,3096599.868,628.978,15.0,0.0,Normal,0.0,1.0,1.833518410719606,0.0,0.115055226162076,1.72582839243114,15.230110452324151,0.1133168664688032,1.0623990303791244,629.093055226162,629.1505828357314,0.004631252296693454,0.999999969478176,0.29784835189097836,-0.004631252296690036,True,True,False,1,0.0,False,0.115055226162076,1.72582839243114,15.230110452324151,0.1133168664688032,1.0623990303791244,629.093055226162,629.1505828357314,0.004631252296693454,0.999999969478176,0.29784835189097836,0.004631252296690036,True,True,False,1,0.0,False,0.115055226162076,629.093055226162,629.1505828357314,0.004631252296693454,0.999999969478176,0.29784835189097836,forward,Subcritical,635.5,,0.0,0.0,0.0,0.0,0.0,0.0,1.833518410719606,0.0
forebay,24,23.0,616065.73,3096598.868,628.978,15.0,0.0,Normal,0.0,1.0,1.833518410719606,0.0,0.115055226162076,1.72582839243114,15.230110452324151,0.1133168664688032,1.0623990303791244,629.093055226162,629.1505828357314,0.004631252296693454,0.999999969478176,0.29784835189097836,-0.004631252296690036,True,True,False,1,0.0,False,0.115055226162076,1.72582839243114,15.230110452324151,0.1133168664688032,1.0623990303791244,629.093055226162,629.1505828357314,0.004631252296693454,0.999999969478176,0.29784835189097836,0.004631252296690036,True,True,False,1,0.0,False,0.115055226162076,629.093055226162,629.1505828357314,0.004631252296693454,0.999999969478176,0.29784835189097836,forward,Subcritical,635.5,,0.0,0.0,0.0,0.0,0.0,0.0,1.833518410719606,0.0
forebay,25,24.0,616065.73,3096597.868,628.978,15.0,0.0,Normal,0.0,1.0,1.833518410719606,0.0,0.115055226162076,1.72582839243114,15.230110452324151,0.1133168664688032,1.0623990303791244,629.093055226162,629.1505828357314,0.004631252296693454,0.999999969478176,0.29784835189097836,-0.004631252296690036,True,True,False,1,0.0,False,0.115055226162076,1.72582839243114,15.230110452324151,0.1133168664688032,1.0623990303791244,629.093055226162,629.1505828357314,0.004631252296693454,0.999999969478176,0.29784835189097836,0.004631252296690036,True,True,False,1,0.0,False,0.115055226162076,629.093055226162,629.1505828357314,0.004631252296693454,0.999999969478176,0.29784835189097836,forward,Subcritical,635.5,,0.0,0.0,0.0,0.0,0.0,0.0,1.833518410719606,0.0
forebay,26,25.0,616065.73,3096596.868,628.978,15.0,0.0,Normal,0.0,1.0,1.833518410719606,0.0,0.115055226162076,1.72582839243114,15.230110452324151,0.1133168664688032,1.0623990303791244,629.093055226162,629.1505828357314,0.004631252296693454,0.999999969478176,0.29784835189097836,-0.004631252296690036,True,True,False,1,0.0,False,0.115055226162076,1.72582839243114,15.230110452324151,0.1133168664688032,1.0623990303791244,629.093055226162,629.1505828357314,0.004631252296693454,0.999999969478176,0.29784835189097836,0.004631252296690036,True,True,False,1,0.0,False,0.115055226162076,629.093055226162,629.1505828357314,0.004631252296693454,0.999999969478176,0.29784835189097836,forward,Subcritical,635.5,,0.0,0.0,0.0,0.0,0.0,0.0,1.833518410719606,0.0
forebay,27,26.0,616065.73,3096595.868,628.978,15.0,0.0,Normal,0.0,1.0,1.833518410719606,0.0,0.115055226162076,1.72582839243114,15.230110452324151,0.1133168664688032,1.0623990303791244,629.093055226162,629.1505828357314,0.004631252296693454,0.999999969478176,0.29784835189097836,-0.004631252296690036,True,True,False,1,0.0,False,0.115055226162076,1.72582839243114,15.230110452324151,0.1133168664688032,1.0623990303791244,629.093055226162,629.1505828357314,0.004631252296693454,0.999999969478176,0.29784835189097836,-0.5752726477138594,True,True,False,1,0.00011102712701262507,False,0.115055226162076,629.093055226162,629.1505828357314,0.004631252296693454,0.999999969478176,0.29784835189097836,forward,Subcritical,635.5,,0.0,0.0,0.0,0.0,0.0,0.0,1.833518410719606,0.0
forebay,28,27.0,616065.73,3096594.868,628.3946667,14.576,0.0,Normal,0.0,1.0,1.833518410719606,0.0,0.11727576665580275,1.709411574774981,14.810551533311607,0.11541849545104417,1.0726020800233331,628.5119424666558,628.5705803474953,0.0046063744939452,0.9999999787813585,0.30070882093554807,-2.3918573788250796e-09,True,True,True,0,0.016810779913665464,True,0.11727576665580275,1.709411574774981,14.810551533311607,0.11541849545104417,1.0726020800233331,628.5119424666558,628.5705803474953,0.0046063744939452,0.9999999787813585,0.30070882093554807,-0.651861211646974,True,True,True,0,0.07833293486896574,True,0.11727576665580275,628.5119424666558,628.5705803474953,0.0046063744939452,0.9999999787813585,0.30070882093554807,forward,Subcritical,635.5,,0.0,0.0,0.0,0.0,0.0,0.0,1.833518410719606,0.0
forebay,29,28.0,616065.73,3096593.868,627.8113333,13.576,0.0,Normal,0.0,1.0,1.833518410719606,0.0,0.12296626083552842,1.6693899571031339,13.821932521671057,0.1207783321533179,1.0983164256608335,627.9342995608355,627.9957826888109,0.004546237339849599,0.9999999801375345,0.3079179531973536,0.5699368280538692,True,True,False,1,0.0002845247135882197,False,0.12296626083552842,1.6693899571031339,13.821932521671057,0.1207783321533179,1.0983164256608335,627.9342995608355,627.9957826888109,0.004546237339849599,0.9999999801375345,0.3079179531973536,-0.5688437709416121,True,True,False,1,0.0003217550194996942,False,0.12296626083552842,627.9342995608355,627.9957826888109,0.004546237339849599,0.9999999801375345,0.3079179531973536,forward,Subcritical,635.5,,0.0,0.0,0.0,0.0,0.0,0.0,1.833518410719606,0.0
forebay,30,29.0,616065.73,3096592.868,627.228,12.576,0.0,Normal,0.0,1.0,1.833518410719606,0.0,0.12940135635435582,1.6273514575123789,12.834802712708711,0.12679208975304426,1.1266886463004007,627.3574013563543,627.4221020345246,0.004484019310334189,0.9999999999472198,0.3158722287787804,1.2643113223020919e-09,True,True,True,0,0.017860434858788393,True,0.12940135635435582,1.6273514575123789,12.834802712708711,0.12679208975304426,1.1266886463004007,627.3574013563543,627.4221020345246,0.004484019310334189,0.9999999999472198,0.3158722287787804,-0.6973812858402653,True,True,True,0,0.10949475905148141,True,0.12940135635435582,627.3574013563543,627.4221020345246,0.004484019310334189,0.9999999999472198,0.3158722287787804,forward,Subcritical,635.5,,0.0,0.0,0.0,0.0,0.0,0.0,1.833518410719606,0.0
forebay,31,30.0,616065.73,3096591.868,626.6446667,11.576,0.0,Normal,0.0,1.0,1.833518410719606,0.0,0.13675026036798957,1.5830210140198473,11.84950052073598,0.1335939022281696,1.1582400956659809,626.781416960368,626.8497920938648,0.004419748199851967,1.0000000242256393,0.3247178142414815,0.5674906113720226,True,True,False,1,0.000367445532650923,False,0.13675026036798957,1.5830210140198473,11.84950052073598,0.1335939022281696,1.1582400956659809,626.781416960368,626.8497920938648,0.004419748199851967,1.0000000242256393,0.3247178142414815,-0.5657876565768447,True,True,False,1,0.00042448610757844785,False,0.13675026036798957,626.781416960368,626.8497920938648,0.004419748199851967,1.0000000242256393,0.3247178142414815,forward,Supercritical,635.5,,0.0,0.0,0.0,0.0,0.0,0.0,1.833518410719606,0.0
forebay,32,31.0,616065.73,3096590.868,626.0613333,10.576,0.0,Normal,0.0,1.0,1.833518410719606,0.0,0.05017248280346394,0.5306241781294346,10.676344965606928,0.04970092103981297,3.4553992944368956,626.1115057828034,626.7200574792354,0.14701435716135788,4.925280172032363,0.6591358537631113,-9.434461389901116e-08,True,True,False,250,0.054017656293509964,True,0.1452399950474501,1.5360581876218324,10.8664799900949,0.14135747629609519,1.193651663390636,626.2065732950474,626.27919328962,0.004353574920969853,0.9999999796813318,0.33464561627811407,-0.7842523728231754,True,True,True,0,0.16143880735910326,True,0.05017248280346394,626.1115057828034,626.7200574792354,0.14701435716135788,4.925280172032363,0.6591358537631113,forward,Supercritical,635.5,,0.0,0.0,0.0,0.0,0.0,0.0,1.833518410719606,0.0
forebay,33,32.0,616065.73,3096589.868,625.478,10.152,0.0,Normal,0.0,1.0,1.833518410719606,0.0,0.1492563348263502,1.5152503111571072,10.4505126696527,0.14499291652525823,1.2100432497647575,625.6272563348263,625.7018845033432,0.004325024683129509,1.0000000073947175,0.339241065026484,-2.3380835045827553e-09,True,True,True,0,0.18205121517894787,True,0.1492563348263502,1.5152503111571072,10.4505126696527,0.14499291652525823,1.2100432497647575,625.6272563348263,625.7018845033432,0.004325024683129509,1.0000000073947175,0.339241065026484,-0.7321602739471018,True,True,False,1,0.02220347966022353,False,0.1492563348263502,625.6272563348263,625.7018845033432,0.004325024683129509,1.0000000073947175,0.339241065026484,forward,Supercritical,635.5,,1.783518410719606,0.0,1.783518410719606,1.783518410719606,1.783518410719606,0.0,0.050000000000000044,1.783518410719606
forebay,34,33.0,616065.73,3096588.868,624.8946667,9.092,0.0,Normal,0.0,1.0,0.050000000000000044,0.0,0.05,0.45460000000000006,9.192,0.049456048738033075,0.10998680158381002,624.9446667,624.9452832696494,0.00014993548991698005,0.1570438982541867,0.011925585125299747,-6.587015377590433e-10,True,True,True,0,0.022387695651454858,True,0.05,0.45460000000000006,9.192,0.049456048738033075,0.10998680158381002,624.9446667,624.9452832696494,0.00014993548991698005,0.1570438982541867,0.011925585125299747,-0.5829281021055976,True,True,True,0,2.0885407636163347e-05,True,0.05,624.9446667,624.9452832696494,0.00014993548991698005,0.1570438982541867,0.011925585125299747,forward,Subcritical,,,0.0,0.0,0.0,0.0,1.783518410719606,0.0,0.050000000000000044,0.0
forebay,35,34.0,616065.73,3096587.868,624.3113333,7.858,0.0,Normal,0.0,1.0,0.050000000000000044,0.0,0.05,0.3929,7.957999999999999,0.04937170143252074,0.12725884448969213,624.3613333,624.3621587237258,0.0002011813310358887,0.18170566593625165,0.0104711179637599,-4.18367562815547e-11,True,True,True,0,0.00018342923192173736,True,0.05,0.3929,7.957999999999999,0.04937170143252074,0.12725884448969213,624.3613333,624.3621587237258,0.0002011813310358887,0.18170566593625165,0.0104711179637599,-0.5828018046920533,True,True,True,0,2.7005739606674383e-05,True,0.05,624.3613333,624.3621587237258,0.0002011813310358887,0.18170566593625165,0.0104711179637599,forward,Subcritical,,,0.0,0.0,0.0,0.0,1.783518410719606,0.0,0.050000000000000044,0.0
forebay,36,35.0,616065.73,3096586.868,623.728,6.821,0.0,Normal,0.0,1.0,0.050000000000000044,0.0,0.05,0.34105,6.920999999999999,0.049277561046091614,0.14660606949127705,623.7779999999999,623.7790954811218,0.0002676830135429463,0.20933046810248723,0.0092734776732481,2.9959892344777472e-09,True,True,True,0,0.00024558183250333074,True,0.05,0.34105,6.920999999999999,0.049277561046091614,0.14660606949127705,623.7779999999999,623.7790954811218,0.0002676830135429463,0.20933046810248723,0.0092734776732481,-0.5825412059858763,True,True,True,0,4.285527253396345e-05,True,0.05,623.7779999999999,623.7790954811218,0.0002676830135429463,0.20933046810248723,0.0092734776732481,forward,Subcritical,,,0.0,0.0,0.0,0.0,1.783518410719606,0.0,0.050000000000000044,0.0
forebay,37,36.0,616065.73,3096585.868,623.1446667,5.783,0.0,Normal,0.0,1.0,0.050000000000000044,0.0,0.05,0.28915,5.883,0.049150093489716135,0.17292062943109127,623.1946667,623.1961907338472,0.00037368901875308157,0.24690353154540298,0.008110098773858775,-8.303686627186835e-10,True,True,True,0,0.000325800316239784,True,0.05,0.28915,5.883,0.049150093489716135,0.17292062943109127,623.1946667,623.1961907338472,0.00037368901875308157,0.24690353154540298,0.008110098773858775,-0.5823345352874867,True,True,True,0,5.10630772546128e-05,True,0.05,623.1946667,623.1961907338472,0.00037368901875308157,0.24690353154540298,0.008110098773858775,forward,Subcritical,,,0.0,0.0,0.0,0.0,1.783518410719606,0.0,0.050000000000000044,0.0
forebay,38,37.0,616065.73,3096584.868,622.5613333,5.005,0.0,Normal,0.0,1.0,0.050000000000000044,0.0,0.05,0.25025000000000003,5.1049999999999995,0.04902056807051911,0.19980019980019995,622.6113333,622.6133679646198,0.0005006527063814451,0.28528334124416893,0.0072745996422028565,-1.125386006606277e-09,True,True,True,0,0.0004534161699963372,True,0.05,0.25025000000000003,5.1049999999999995,0.04902056807051911,0.19980019980019995,622.6113333,622.6133679646198,0.0005006527063814451,0.28528334124416893,0.0072745996422028565,-0.5828326472936851,True,True,True,0,0.0,True,0.05,622.6113333,622.6133679646198,0.0005006527063814451,0.28528334124416893,0.0072745996422028565,forward,Subcritical,,,0.0,0.0,0.0,0.0,1.783518410719606,0.0,0.050000000000000044,0.0
forebay,39,38.0,616065.73,3096583.868,621.978,5.005,0.0,Normal,0.0,1.0,0.050000000000000044,0.0,0.05,0.25025000000000003,5.1049999999999995,0.04902056807051911,0.19980019980019995,622.0279999999999,622.0300346646197,0.0005006527063814451,0.28528334124416893,0.0072745996422028565,1.0680878403945826e-09,True,True,True,0,0.0006066089152887878,True,0.05,0.25025000000000003,5.1049999999999995,0.04902056807051911,0.19980019980019995,622.0279999999999,622.0300346646197,0.0005006527063814451,0.28528334124416893,0.0072745996422028565,0.0,True,True,False,0,0.0,False,0.05,622.0279999999999,622.0300346646197,0.0005006527063814451,0.28528334124416893,0.0072745996422028565,forward,Subcritical,,,0.0,0.0,0.0,0.0,1.783518410719606,0.0,0.050000000000000044,0.0
