River,Reach,Station,X,Y,Z
BUYUKGOKCELI,BUYUKGOKCELI,1,564595.17,4193012.04,1043.63
BUYUKGOKCELI,BUYUKGOKCELI,1,564596.48,4193014.09,1042.43
BUYUKGOKCELI,BUYUKGOKCELI,1,564598.39,4193017.09,1041.71
BUYUKGOKCELI,BUYUKGOKCELI,1,564599.86,4193019.39,1041.71
BUYUKGOKCELI,BUYUKGOKCELI,1,564601.6,4193022.12,1041.71
BUYUKGOKCELI,BUYUKGOKCELI,1,564603.25,4193024.69,1041.59
BUYUKGOKCELI,BUYUKGOKCELI,1,564609.05,4193033.78,1036.43
BUYUKGOKCELI,BUYUKGOKCELI,1,564611.98,4193038.36,1036.31
BUYUKGOKCELI,BUYUKGOKCELI,1,564615.5,4193043.87,1036.73
BUYUKGOKCELI,BUYUKGOKCELI,1,564617.56,4193047.09,1036.79
BUYUKGOKCELI,BUYUKGOKCELI,1,564622.1,4193054.21,1039.91
BUYUKGOKCELI,BUYUKGOKCELI,1,564624.8,4193058.42,1045.34
BUYUKGOKCELI,BUYUKGOKCELI,1,564627.86,4193063.22,1046.93
BUYUKGOKCELI,BUYUKGOKCELI,1,564629.94,4193066.48,1047.95
BUYUKGOKCELI,BUYUKGOKCELI,1,564632.25,4193070.1,1049.15
BUYUKGOKCELI,BUYUKGOKCELI,1,564633.2,4193071.58,1049.63
BUYUKGOKCELI,BUYUKGOKCELI,2,564505.44,4193120.12,1031.51
BUYUKGOKCELI,BUYUKGOKCELI,2,564507.17,4193121.24,1031.51
BUYUKGOKCELI,BUYUKGOKCELI,2,564509.45,4193122.71,1031.15
BUYUKGOKCELI,BUYUKGOKCELI,2,564510.8,4193123.58,1030.85
BUYUKGOKCELI,BUYUKGOKCELI,2,564512.35,4193124.59,1030.97
BUYUKGOKCELI,BUYUKGOKCELI,2,564514.24,4193125.81,1030.01
BUYUKGOKCELI,BUYUKGOKCELI,2,564515.88,4193126.87,1030.01
BUYUKGOKCELI,BUYUKGOKCELI,2,564518.24,4193128.39,1030.08
BUYUKGOKCELI,BUYUKGOKCELI,2,564519.68,4193129.32,1028.75
BUYUKGOKCELI,BUYUKGOKCELI,2,564520.15,4193129.63,1028.72
BUYUKGOKCELI,BUYUKGOKCELI,2,564520.72,4193129.99,1028.75
BUYUKGOKCELI,BUYUKGOKCELI,2,564523.13,4193131.56,1030.41
BUYUKGOKCELI,BUYUKGOKCELI,2,564526.34,4193133.63,1029.71
BUYUKGOKCELI,BUYUKGOKCELI,2,564529.04,4193135.37,1029.89
BUYUKGOKCELI,BUYUKGOKCELI,2,564533.05,4193137.97,1031.15
BUYUKGOKCELI,BUYUKGOKCELI,2,564534.72,4193139.04,1031.81
BUYUKGOKCELI,BUYUKGOKCELI,2,564535.74,4193139.71,1032.05
BUYUKGOKCELI,BUYUKGOKCELI,3,564490.02,4193173.74,1028.21
BUYUKGOKCELI,BUYUKGOKCELI,3,564489.45,4193175.64,1027.97
BUYUKGOKCELI,BUYUKGOKCELI,3,564488.73,4193178.06,1027.91
BUYUKGOKCELI,BUYUKGOKCELI,3,564487.92,4193180.76,1027.85
BUYUKGOKCELI,BUYUKGOKCELI,3,564487.29,4193182.9,1027.79
BUYUKGOKCELI,BUYUKGOKCELI,3,564486.76,4193184.66,1027.49
BUYUKGOKCELI,BUYUKGOKCELI,3,564486.55,4193185.38,1026.47
BUYUKGOKCELI,BUYUKGOKCELI,3,564485.8,4193187.88,1026.41
BUYUKGOKCELI,BUYUKGOKCELI,3,564485.64,4193188.41,1026.44
BUYUKGOKCELI,BUYUKGOKCELI,3,564485.44,4193189.1,1027.25
BUYUKGOKCELI,BUYUKGOKCELI,3,564484.28,4193192.99,1027.25
BUYUKGOKCELI,BUYUKGOKCELI,3,564483.01,4193197.24,1027.01
BUYUKGOKCELI,BUYUKGOKCELI,3,564481.54,4193202.16,1026.71
BUYUKGOKCELI,BUYUKGOKCELI,3,564480.11,4193206.95,1026.65
BUYUKGOKCELI,BUYUKGOKCELI,3,564478.14,4193213.53,1026.11
BUYUKGOKCELI,BUYUKGOKCELI,3,564476.39,4193219.41,1025.87
BUYUKGOKCELI,BUYUKGOKCELI,3,564475.17,4193223.49,1025.69
BUYUKGOKCELI,BUYUKGOKCELI,3,564474.01,4193227.37,1025.69
BUYUKGOKCELI,BUYUKGOKCELI,4,564480.55,4193178.74,1027.97
BUYUKGOKCELI,BUYUKGOKCELI,4,564479.31,4193182.62,1027.85
BUYUKGOKCELI,BUYUKGOKCELI,4,564478.44,4193185.36,1027.55
BUYUKGOKCELI,BUYUKGOKCELI,4,564477.15,4193189.42,1027.43
BUYUKGOKCELI,BUYUKGOKCELI,4,564475.62,4193194.22,1027.04
BUYUKGOKCELI,BUYUKGOKCELI,4,564475.14,4193195.74,1025.57
BUYUKGOKCELI,BUYUKGOKCELI,4,564474.06,4193199.12,1025.54
BUYUKGOKCELI,BUYUKGOKCELI,4,564473.77,4193200.03,1025.57
BUYUKGOKCELI,BUYUKGOKCELI,4,564472.97,4193202.53,1026.65
BUYUKGOKCELI,BUYUKGOKCELI,4,564470.6,4193210.01,1026.53
BUYUKGOKCELI,BUYUKGOKCELI,4,564469.35,4193213.91,1026.47
BUYUKGOKCELI,BUYUKGOKCELI,4,564467.93,4193218.39,1026.23
BUYUKGOKCELI,BUYUKGOKCELI,4,564466.42,4193223.14,1026.05
BUYUKGOKCELI,BUYUKGOKCELI,4,564465.4,4193226.32,1025.87
BUYUKGOKCELI,BUYUKGOKCELI,5,564444.57,4193204.42,1026.47
BUYUKGOKCELI,BUYUKGOKCELI,5,564447.79,4193209.03,1026.17
BUYUKGOKCELI,BUYUKGOKCELI,5,564449.81,4193211.93,1025.81
BUYUKGOKCELI,BUYUKGOKCELI,5,564452.06,4193215.16,1025.93
BUYUKGOKCELI,BUYUKGOKCELI,5,564453.37,4193217.04,1026.25
BUYUKGOKCELI,BUYUKGOKCELI,5,564454.82,4193219.12,1024.67
BUYUKGOKCELI,BUYUKGOKCELI,5,564455.59,4193220.22,1024.61
BUYUKGOKCELI,BUYUKGOKCELI,5,564456.24,4193221.16,1024.67
BUYUKGOKCELI,BUYUKGOKCELI,5,564457.54,4193223.02,1025.99
BUYUKGOKCELI,BUYUKGOKCELI,5,564459.08,4193225.22,1025.69
BUYUKGOKCELI,BUYUKGOKCELI,5,564461.26,4193228.35,1025.81
BUYUKGOKCELI,BUYUKGOKCELI,5,564462.19,4193229.68,1025.63
BUYUKGOKCELI,BUYUKGOKCELI,5,564463.44,4193231.47,1025.81
BUYUKGOKCELI,BUYUKGOKCELI,5,564466.31,4193235.59,1025.81
BUYUKGOKCELI,BUYUKGOKCELI,6,564399.45,4193250.21,1024.01
BUYUKGOKCELI,BUYUKGOKCELI,6,564401.1,4193252.58,1024.01
BUYUKGOKCELI,BUYUKGOKCELI,6,564403.54,4193256.08,1023.71
BUYUKGOKCELI,BUYUKGOKCELI,6,564405.79,4193259.3,1023.65
BUYUKGOKCELI,BUYUKGOKCELI,6,564407.36,4193261.54,1023.77
BUYUKGOKCELI,BUYUKGOKCELI,6,564408.34,4193262.95,1024.28
BUYUKGOKCELI,BUYUKGOKCELI,6,564409.72,4193264.93,1022.84
BUYUKGOKCELI,BUYUKGOKCELI,6,564410.41,4193265.92,1022.78
BUYUKGOKCELI,BUYUKGOKCELI,6,564410.9,4193266.63,1022.84
BUYUKGOKCELI,BUYUKGOKCELI,6,564412.06,4193268.29,1023.71
BUYUKGOKCELI,BUYUKGOKCELI,6,564414.04,4193271.12,1023.17
BUYUKGOKCELI,BUYUKGOKCELI,6,564416.01,4193273.95,1022.93
BUYUKGOKCELI,BUYUKGOKCELI,6,564418.66,4193277.76,1022.51
BUYUKGOKCELI,BUYUKGOKCELI,6,564420.69,4193280.67,1022.57
BUYUKGOKCELI,BUYUKGOKCELI,7,564363.35,4193291.91,1023.35
BUYUKGOKCELI,BUYUKGOKCELI,7,564365,4193293.9,1023.17
BUYUKGOKCELI,BUYUKGOKCELI,7,564366.95,4193296.23,1022.87
BUYUKGOKCELI,BUYUKGOKCELI,7,564368.86,4193298.54,1022.57
BUYUKGOKCELI,BUYUKGOKCELI,7,564371.35,4193301.53,1022.57
BUYUKGOKCELI,BUYUKGOKCELI,7,564372.98,4193303.48,1022.99
BUYUKGOKCELI,BUYUKGOKCELI,7,564375.13,4193306.07,1021.1
BUYUKGOKCELI,BUYUKGOKCELI,7,564375.77,4193306.84,1021.07
BUYUKGOKCELI,BUYUKGOKCELI,7,564376.68,4193307.94,1021.1
BUYUKGOKCELI,BUYUKGOKCELI,7,564378.01,4193309.54,1022.02
BUYUKGOKCELI,BUYUKGOKCELI,7,564379.59,4193311.44,1021.37
BUYUKGOKCELI,BUYUKGOKCELI,7,564382.18,4193314.55,1021.31
BUYUKGOKCELI,BUYUKGOKCELI,7,564384.45,4193317.28,1021.13
BUYUKGOKCELI,BUYUKGOKCELI,7,564387.73,4193321.22,1021.13
BUYUKGOKCELI,BUYUKGOKCELI,8,564328.8,4193327.94,1021.25
BUYUKGOKCELI,BUYUKGOKCELI,8,564331.65,4193331.88,1020.89
BUYUKGOKCELI,BUYUKGOKCELI,8,564333.57,4193334.52,1020.53
BUYUKGOKCELI,BUYUKGOKCELI,8,564336.51,4193338.59,1020.35
BUYUKGOKCELI,BUYUKGOKCELI,8,564339.17,4193342.26,1019.48
BUYUKGOKCELI,BUYUKGOKCELI,8,564340.27,4193343.78,1018.61
BUYUKGOKCELI,BUYUKGOKCELI,8,564340.97,4193344.75,1018.55
BUYUKGOKCELI,BUYUKGOKCELI,8,564341.6,4193345.63,1018.61
BUYUKGOKCELI,BUYUKGOKCELI,8,564342.28,4193346.55,1019.32
BUYUKGOKCELI,BUYUKGOKCELI,8,564344.12,4193349.1,1019.51
BUYUKGOKCELI,BUYUKGOKCELI,8,564347.12,4193353.25,1019.09
BUYUKGOKCELI,BUYUKGOKCELI,8,564348.85,4193355.63,1018.97
BUYUKGOKCELI,BUYUKGOKCELI,8,564351.59,4193359.42,1018.67
BUYUKGOKCELI,BUYUKGOKCELI,9,564320.17,4193340.33,1019.81
BUYUKGOKCELI,BUYUKGOKCELI,9,564321.93,4193342.26,1019.81
BUYUKGOKCELI,BUYUKGOKCELI,9,564323.99,4193344.52,1019.45
BUYUKGOKCELI,BUYUKGOKCELI,9,564326.16,4193346.91,1019.63
BUYUKGOKCELI,BUYUKGOKCELI,9,564328.94,4193349.97,1019.39
BUYUKGOKCELI,BUYUKGOKCELI,9,564331.07,4193352.31,1018.82
BUYUKGOKCELI,BUYUKGOKCELI,9,564331.45,4193352.73,1017.29
BUYUKGOKCELI,BUYUKGOKCELI,9,564331.84,4193353.15,1017.26
BUYUKGOKCELI,BUYUKGOKCELI,9,564332.22,4193353.58,1017.29
BUYUKGOKCELI,BUYUKGOKCELI,9,564332.83,4193354.25,1018.94
BUYUKGOKCELI,BUYUKGOKCELI,9,564335.4,4193357.07,1019.15
BUYUKGOKCELI,BUYUKGOKCELI,9,564338.78,4193360.78,1019.03
BUYUKGOKCELI,BUYUKGOKCELI,9,564341.51,4193363.78,1018.73
BUYUKGOKCELI,BUYUKGOKCELI,9,564344.26,4193366.81,1018.73
BUYUKGOKCELI,BUYUKGOKCELI,9,564346.38,4193369.14,1018.43
BUYUKGOKCELI,BUYUKGOKCELI,10,564287.56,4193363.63,1017.41
BUYUKGOKCELI,BUYUKGOKCELI,10,564288.84,4193365.6,1017.41
BUYUKGOKCELI,BUYUKGOKCELI,10,564290.74,4193368.51,1017.17
BUYUKGOKCELI,BUYUKGOKCELI,10,564292.27,4193370.85,1016.93
BUYUKGOKCELI,BUYUKGOKCELI,10,564294.52,4193374.27,1017.17
BUYUKGOKCELI,BUYUKGOKCELI,10,564295.78,4193376.2,1016.97
BUYUKGOKCELI,BUYUKGOKCELI,10,564297.93,4193379.5,1014.89
BUYUKGOKCELI,BUYUKGOKCELI,10,564299.11,4193381.3,1014.77
BUYUKGOKCELI,BUYUKGOKCELI,10,564300.43,4193383.31,1014.89
BUYUKGOKCELI,BUYUKGOKCELI,10,564302.7,4193386.78,1018.09
BUYUKGOKCELI,BUYUKGOKCELI,10,564303.82,4193388.5,1016.99
BUYUKGOKCELI,BUYUKGOKCELI,10,564308.51,4193395.66,1016.93
BUYUKGOKCELI,BUYUKGOKCELI,10,564310.12,4193398.13,1016.87
BUYUKGOKCELI,BUYUKGOKCELI,10,564310.91,4193399.34,1016.69
BUYUKGOKCELI,BUYUKGOKCELI,11,564244.05,4193396.3,1015.07
BUYUKGOKCELI,BUYUKGOKCELI,11,564246.7,4193399.93,1015.01
BUYUKGOKCELI,BUYUKGOKCELI,11,564248.64,4193402.61,1014.71
BUYUKGOKCELI,BUYUKGOKCELI,11,564251.05,4193405.91,1014.71
BUYUKGOKCELI,BUYUKGOKCELI,11,564252.89,4193408.45,1014.43
BUYUKGOKCELI,BUYUKGOKCELI,11,564254.59,4193410.78,1013.27
BUYUKGOKCELI,BUYUKGOKCELI,11,564256.08,4193412.83,1013.21
BUYUKGOKCELI,BUYUKGOKCELI,11,564257.44,4193414.7,1013.27
BUYUKGOKCELI,BUYUKGOKCELI,11,564260.34,4193418.68,1016.42
BUYUKGOKCELI,BUYUKGOKCELI,11,564261.94,4193420.89,1015.37
BUYUKGOKCELI,BUYUKGOKCELI,11,564268.25,4193429.56,1015.07
BUYUKGOKCELI,BUYUKGOKCELI,11,564269.19,4193430.85,1015.01
BUYUKGOKCELI,BUYUKGOKCELI,12,564210.23,4193442.44,1013.57
BUYUKGOKCELI,BUYUKGOKCELI,12,564212.32,4193444.06,1013.51
BUYUKGOKCELI,BUYUKGOKCELI,12,564215.1,4193446.22,1013.57
BUYUKGOKCELI,BUYUKGOKCELI,12,564217.46,4193448.05,1013.51
BUYUKGOKCELI,BUYUKGOKCELI,12,564219.16,4193449.37,1013.99
BUYUKGOKCELI,BUYUKGOKCELI,12,564221.24,4193450.99,1014.17
BUYUKGOKCELI,BUYUKGOKCELI,12,564223.27,4193452.56,1014.05
BUYUKGOKCELI,BUYUKGOKCELI,12,564225.04,4193453.94,1012.04
BUYUKGOKCELI,BUYUKGOKCELI,12,564225.84,4193454.56,1011.98
BUYUKGOKCELI,BUYUKGOKCELI,12,564226.17,4193454.82,1012.04
BUYUKGOKCELI,BUYUKGOKCELI,12,564226.55,4193455.12,1012.87
BUYUKGOKCELI,BUYUKGOKCELI,12,564229.65,4193457.52,1013.51
BUYUKGOKCELI,BUYUKGOKCELI,12,564232.3,4193459.57,1013.57
BUYUKGOKCELI,BUYUKGOKCELI,12,564235.17,4193461.8,1013.39
BUYUKGOKCELI,BUYUKGOKCELI,12,564239.37,4193465.06,1013.21
BUYUKGOKCELI,BUYUKGOKCELI,13,564207.83,4193455.12,1013.63
BUYUKGOKCELI,BUYUKGOKCELI,13,564210.19,4193458.38,1013.63
BUYUKGOKCELI,BUYUKGOKCELI,13,564212.74,4193461.89,1013.75
BUYUKGOKCELI,BUYUKGOKCELI,13,564214.14,4193463.81,1011.76
BUYUKGOKCELI,BUYUKGOKCELI,13,564214.44,4193464.23,1011.41
BUYUKGOKCELI,BUYUKGOKCELI,13,564214.61,4193464.46,1011.35
BUYUKGOKCELI,BUYUKGOKCELI,13,564214.75,4193464.65,1011.41
BUYUKGOKCELI,BUYUKGOKCELI,13,564215.02,4193465.04,1012.27
BUYUKGOKCELI,BUYUKGOKCELI,13,564216.64,4193467.26,1013.39
BUYUKGOKCELI,BUYUKGOKCELI,13,564218.42,4193469.72,1013.15
BUYUKGOKCELI,BUYUKGOKCELI,13,564219.77,4193471.58,1014.17
BUYUKGOKCELI,BUYUKGOKCELI,13,564220.76,4193472.94,1014.11
BUYUKGOKCELI,BUYUKGOKCELI,13,564222.62,4193475.51,1013.03
BUYUKGOKCELI,BUYUKGOKCELI,13,564223.76,4193477.07,1012.97
BUYUKGOKCELI,BUYUKGOKCELI,13,564225.34,4193479.25,1013.15
BUYUKGOKCELI,BUYUKGOKCELI,13,564226.37,4193480.67,1013.75
BUYUKGOKCELI,BUYUKGOKCELI,14,564174.08,4193474.22,1012.6
BUYUKGOKCELI,BUYUKGOKCELI,14,564177.02,4193476.84,1012.66
BUYUKGOKCELI,BUYUKGOKCELI,14,564181.85,4193481.16,1012.66
BUYUKGOKCELI,BUYUKGOKCELI,14,564183.91,4193482.99,1012.66
BUYUKGOKCELI,BUYUKGOKCELI,14,564185.97,4193484.83,1012.57
BUYUKGOKCELI,BUYUKGOKCELI,14,564187.78,4193486.45,1011.1
BUYUKGOKCELI,BUYUKGOKCELI,14,564188.73,4193487.3,1011.04
BUYUKGOKCELI,BUYUKGOKCELI,14,564189.38,4193487.88,1011.1
BUYUKGOKCELI,BUYUKGOKCELI,14,564190.61,4193488.98,1012.06
BUYUKGOKCELI,BUYUKGOKCELI,14,564192.56,4193490.72,1012.12
BUYUKGOKCELI,BUYUKGOKCELI,14,564195.55,4193493.39,1012.12
BUYUKGOKCELI,BUYUKGOKCELI,14,564199.38,4193496.81,1011.58
BUYUKGOKCELI,BUYUKGOKCELI,14,564201.38,4193498.6,1011.94
BUYUKGOKCELI,BUYUKGOKCELI,14,564202.82,4193499.88,1012.12
BUYUKGOKCELI,BUYUKGOKCELI,15,564171.58,4193477.61,1012.54
BUYUKGOKCELI,BUYUKGOKCELI,15,564175.34,4193482.03,1012.36
BUYUKGOKCELI,BUYUKGOKCELI,15,564178.01,4193485.17,1012.24
BUYUKGOKCELI,BUYUKGOKCELI,15,564179.86,4193487.33,1012.18
BUYUKGOKCELI,BUYUKGOKCELI,15,564181.57,4193489.34,1012.18
BUYUKGOKCELI,BUYUKGOKCELI,15,564182.91,4193490.92,1011.19
BUYUKGOKCELI,BUYUKGOKCELI,15,564183.13,4193491.17,1010.74
BUYUKGOKCELI,BUYUKGOKCELI,15,564183.55,4193491.66,1010.71
BUYUKGOKCELI,BUYUKGOKCELI,15,564184.11,4193492.33,1010.74
BUYUKGOKCELI,BUYUKGOKCELI,15,564185.51,4193493.97,1012.31
BUYUKGOKCELI,BUYUKGOKCELI,15,564188.3,4193497.25,1012
BUYUKGOKCELI,BUYUKGOKCELI,15,564191,4193500.42,1011.7
BUYUKGOKCELI,BUYUKGOKCELI,15,564195.39,4193505.57,1011.1
BUYUKGOKCELI,BUYUKGOKCELI,16,564136.72,4193500.23,1012.57
BUYUKGOKCELI,BUYUKGOKCELI,16,564138.94,4193503.77,1012.27
BUYUKGOKCELI,BUYUKGOKCELI,16,564140.55,4193506.35,1011.67
BUYUKGOKCELI,BUYUKGOKCELI,16,564141.9,4193508.5,1011.49
BUYUKGOKCELI,BUYUKGOKCELI,16,564143.55,4193511.13,1011.61
BUYUKGOKCELI,BUYUKGOKCELI,16,564144.68,4193512.94,1011.5
BUYUKGOKCELI,BUYUKGOKCELI,16,564145.78,4193514.7,1009.63
BUYUKGOKCELI,BUYUKGOKCELI,16,564146.33,4193515.59,1009.57
BUYUKGOKCELI,BUYUKGOKCELI,16,564146.65,4193516.1,1009.63
BUYUKGOKCELI,BUYUKGOKCELI,16,564148.45,4193518.97,1011.66
BUYUKGOKCELI,BUYUKGOKCELI,16,564150.87,4193522.84,1010.05
BUYUKGOKCELI,BUYUKGOKCELI,16,564152.5,4193525.46,1010.05
BUYUKGOKCELI,BUYUKGOKCELI,16,564154.68,4193528.93,1009.57
BUYUKGOKCELI,BUYUKGOKCELI,16,564156.48,4193531.81,1009.63
BUYUKGOKCELI,BUYUKGOKCELI,17,564110.82,4193560.9,1008.07
BUYUKGOKCELI,BUYUKGOKCELI,17,564114.56,4193561.14,1008.07
BUYUKGOKCELI,BUYUKGOKCELI,17,564117.33,4193561.31,1008.07
BUYUKGOKCELI,BUYUKGOKCELI,17,564120.95,4193561.53,1007.95
BUYUKGOKCELI,BUYUKGOKCELI,17,564123.64,4193561.7,1008.61
BUYUKGOKCELI,BUYUKGOKCELI,17,564125.84,4193561.84,1008.7
BUYUKGOKCELI,BUYUKGOKCELI,17,564128.13,4193561.98,1006.93
BUYUKGOKCELI,BUYUKGOKCELI,17,564129.41,4193562.06,1006.87
BUYUKGOKCELI,BUYUKGOKCELI,17,564130.24,4193562.11,1006.93
BUYUKGOKCELI,BUYUKGOKCELI,17,564132.39,4193562.24,1008.42
BUYUKGOKCELI,BUYUKGOKCELI,17,564139.7,4193562.7,1008.07
BUYUKGOKCELI,BUYUKGOKCELI,17,564150.72,4193563.38,1007.65
BUYUKGOKCELI,BUYUKGOKCELI,17,564152.26,4193563.48,1007.53
BUYUKGOKCELI,BUYUKGOKCELI,18,564116.47,4193580.82,1007.23
BUYUKGOKCELI,BUYUKGOKCELI,18,564120.45,4193580.45,1007.35
BUYUKGOKCELI,BUYUKGOKCELI,18,564122.93,4193580.21,1007.35
BUYUKGOKCELI,BUYUKGOKCELI,18,564125.38,4193579.98,1007.35
BUYUKGOKCELI,BUYUKGOKCELI,18,564127.91,4193579.75,1007.41
BUYUKGOKCELI,BUYUKGOKCELI,18,564129.17,4193579.63,1005.99
BUYUKGOKCELI,BUYUKGOKCELI,18,564129.87,4193579.56,1005.93
BUYUKGOKCELI,BUYUKGOKCELI,18,564130.64,4193579.49,1005.99
BUYUKGOKCELI,BUYUKGOKCELI,18,564131.85,4193579.38,1007.3
BUYUKGOKCELI,BUYUKGOKCELI,18,564134.13,4193579.16,1007.3
BUYUKGOKCELI,BUYUKGOKCELI,18,564136.11,4193578.97,1007.36
BUYUKGOKCELI,BUYUKGOKCELI,18,564138.36,4193578.76,1007.36
BUYUKGOKCELI,BUYUKGOKCELI,18,564141.9,4193578.43,1007.42
BUYUKGOKCELI,BUYUKGOKCELI,19,564115.89,4193587.68,1006.71
BUYUKGOKCELI,BUYUKGOKCELI,19,564119.73,4193589.47,1006.65
BUYUKGOKCELI,BUYUKGOKCELI,19,564122.52,4193590.78,1006.53
BUYUKGOKCELI,BUYUKGOKCELI,19,564125.62,4193592.23,1006.47
BUYUKGOKCELI,BUYUKGOKCELI,19,564127.75,4193593.22,1006.41
BUYUKGOKCELI,BUYUKGOKCELI,19,564128.76,4193593.7,1004.76
BUYUKGOKCELI,BUYUKGOKCELI,19,564129.4,4193593.99,1004.7
BUYUKGOKCELI,BUYUKGOKCELI,19,564129.83,4193594.2,1004.76
BUYUKGOKCELI,BUYUKGOKCELI,19,564130.44,4193594.48,1005.8
BUYUKGOKCELI,BUYUKGOKCELI,19,564132.75,4193595.56,1005.69
BUYUKGOKCELI,BUYUKGOKCELI,19,564135.98,4193597.07,1005.63
BUYUKGOKCELI,BUYUKGOKCELI,19,564139.41,4193598.68,1005.63
BUYUKGOKCELI,BUYUKGOKCELI,19,564141.21,4193599.52,1005.63
BUYUKGOKCELI,BUYUKGOKCELI,20,564100.7,4193584.19,1007.02
BUYUKGOKCELI,BUYUKGOKCELI,20,564101.15,4193586.27,1007.08
BUYUKGOKCELI,BUYUKGOKCELI,20,564101.9,4193589.78,1006.78
BUYUKGOKCELI,BUYUKGOKCELI,20,564102.71,4193593.59,1006.78
BUYUKGOKCELI,BUYUKGOKCELI,20,564103.2,4193595.87,1006.6
BUYUKGOKCELI,BUYUKGOKCELI,20,564103.83,4193598.86,1005.51
BUYUKGOKCELI,BUYUKGOKCELI,20,564104.04,4193599.83,1003.8
BUYUKGOKCELI,BUYUKGOKCELI,20,564104.14,4193600.31,1003.74
BUYUKGOKCELI,BUYUKGOKCELI,20,564104.27,4193600.9,1003.8
BUYUKGOKCELI,BUYUKGOKCELI,20,564104.56,4193602.27,1004.45
BUYUKGOKCELI,BUYUKGOKCELI,20,564105.27,4193605.57,1004.2
BUYUKGOKCELI,BUYUKGOKCELI,20,564106.08,4193609.37,1004.2
BUYUKGOKCELI,BUYUKGOKCELI,20,564106.98,4193613.62,1004.44
BUYUKGOKCELI,BUYUKGOKCELI,20,564107.29,4193615.05,1004.32
BUYUKGOKCELI,BUYUKGOKCELI,21,564052.46,4193597.68,1006.78
BUYUKGOKCELI,BUYUKGOKCELI,21,564053.45,4193602.36,1006.3
BUYUKGOKCELI,BUYUKGOKCELI,21,564054.63,4193607.86,1005.94
BUYUKGOKCELI,BUYUKGOKCELI,21,564055.11,4193610.11,1003.84
BUYUKGOKCELI,BUYUKGOKCELI,21,564055.64,4193612.61,1002.81
BUYUKGOKCELI,BUYUKGOKCELI,21,564055.9,4193613.84,1000.86
BUYUKGOKCELI,BUYUKGOKCELI,21,564056.03,4193614.42,1000.8
BUYUKGOKCELI,BUYUKGOKCELI,21,564056.15,4193614.99,1000.86
BUYUKGOKCELI,BUYUKGOKCELI,21,564056.55,4193616.87,1001.92
BUYUKGOKCELI,BUYUKGOKCELI,21,564057.38,4193620.77,1001.68
BUYUKGOKCELI,BUYUKGOKCELI,21,564057.81,4193622.8,1002.1
BUYUKGOKCELI,BUYUKGOKCELI,21,564058.28,4193624.98,1001.56
BUYUKGOKCELI,BUYUKGOKCELI,21,564059.19,4193629.27,1001.5
BUYUKGOKCELI,BUYUKGOKCELI,21,564059.7,4193631.66,1001.5
BUYUKGOKCELI,BUYUKGOKCELI,22,564007.88,4193595.84,1004.18
BUYUKGOKCELI,BUYUKGOKCELI,22,564007.58,4193598.39,1003.4
BUYUKGOKCELI,BUYUKGOKCELI,22,564007.13,4193602.22,1002.38
BUYUKGOKCELI,BUYUKGOKCELI,22,564006.83,4193604.77,1001.9
BUYUKGOKCELI,BUYUKGOKCELI,22,564006.53,4193607.31,1001.54
BUYUKGOKCELI,BUYUKGOKCELI,22,564006.15,4193610.52,1000.9
BUYUKGOKCELI,BUYUKGOKCELI,22,564005.93,4193612.37,999.14
BUYUKGOKCELI,BUYUKGOKCELI,22,564005.85,4193613.05,999.11
BUYUKGOKCELI,BUYUKGOKCELI,22,564005.77,4193613.74,999.14
BUYUKGOKCELI,BUYUKGOKCELI,22,564005.56,4193615.48,1000.31
BUYUKGOKCELI,BUYUKGOKCELI,22,564005.36,4193617.24,999.56
BUYUKGOKCELI,BUYUKGOKCELI,22,564005,4193620.29,999.62
BUYUKGOKCELI,BUYUKGOKCELI,22,564004.77,4193622.2,999.8
BUYUKGOKCELI,BUYUKGOKCELI,22,564004.54,4193624.18,999.8
BUYUKGOKCELI,BUYUKGOKCELI,22,564004.15,4193627.49,999.8
BUYUKGOKCELI,BUYUKGOKCELI,22,564003.81,4193630.38,999.8
BUYUKGOKCELI,BUYUKGOKCELI,23,563957.93,4193589.05,999.74
BUYUKGOKCELI,BUYUKGOKCELI,23,563957.81,4193592.75,999.74
BUYUKGOKCELI,BUYUKGOKCELI,23,563957.69,4193596.47,999.38
BUYUKGOKCELI,BUYUKGOKCELI,23,563957.59,4193599.18,999.32
BUYUKGOKCELI,BUYUKGOKCELI,23,563957.51,4193601.67,999.32
BUYUKGOKCELI,BUYUKGOKCELI,23,563957.43,4193604.05,999.22
BUYUKGOKCELI,BUYUKGOKCELI,23,563957.36,4193606.05,997.76
BUYUKGOKCELI,BUYUKGOKCELI,23,563957.33,4193606.96,997.73
BUYUKGOKCELI,BUYUKGOKCELI,23,563957.3,4193607.91,997.76
BUYUKGOKCELI,BUYUKGOKCELI,23,563957.21,4193610.64,998.82
BUYUKGOKCELI,BUYUKGOKCELI,23,563957.06,4193615,998.6
BUYUKGOKCELI,BUYUKGOKCELI,23,563957.03,4193616.05,998.6
BUYUKGOKCELI,BUYUKGOKCELI,23,563956.88,4193620.49,996.8
BUYUKGOKCELI,BUYUKGOKCELI,23,563956.78,4193623.48,996.56
BUYUKGOKCELI,BUYUKGOKCELI,23,563956.71,4193625.63,996.56
BUYUKGOKCELI,BUYUKGOKCELI,24,563924.63,4193591.85,998.66
BUYUKGOKCELI,BUYUKGOKCELI,24,563924.15,4193597.53,998.78
BUYUKGOKCELI,BUYUKGOKCELI,24,563923.85,4193601.15,999.32
BUYUKGOKCELI,BUYUKGOKCELI,24,563923.67,4193603.23,999.56
BUYUKGOKCELI,BUYUKGOKCELI,24,563923.47,4193605.59,998.54
BUYUKGOKCELI,BUYUKGOKCELI,24,563923.35,4193607.07,998
BUYUKGOKCELI,BUYUKGOKCELI,24,563923.27,4193607.95,997.16
BUYUKGOKCELI,BUYUKGOKCELI,24,563923.22,4193608.54,997.1
BUYUKGOKCELI,BUYUKGOKCELI,24,563923.16,4193609.25,997.16
BUYUKGOKCELI,BUYUKGOKCELI,24,563923.06,4193610.47,997.91
BUYUKGOKCELI,BUYUKGOKCELI,24,563922.94,4193611.89,997.94
BUYUKGOKCELI,BUYUKGOKCELI,24,563922.56,4193616.49,997.82
BUYUKGOKCELI,BUYUKGOKCELI,24,563922.21,4193620.57,995.66
BUYUKGOKCELI,BUYUKGOKCELI,24,563921.78,4193625.75,995.3
BUYUKGOKCELI,BUYUKGOKCELI,25,563908.38,4193592.44,998.36
BUYUKGOKCELI,BUYUKGOKCELI,25,563909.31,4193596.82,998.3
BUYUKGOKCELI,BUYUKGOKCELI,25,563909.82,4193599.25,998.24
BUYUKGOKCELI,BUYUKGOKCELI,25,563910.66,4193603.19,998.3
BUYUKGOKCELI,BUYUKGOKCELI,25,563911.26,4193606.02,998.84
BUYUKGOKCELI,BUYUKGOKCELI,25,563911.62,4193607.72,997.94
BUYUKGOKCELI,BUYUKGOKCELI,25,563911.98,4193609.45,997.42
BUYUKGOKCELI,BUYUKGOKCELI,25,563912.08,4193609.9,996.83
BUYUKGOKCELI,BUYUKGOKCELI,25,563912.15,4193610.24,996.8
BUYUKGOKCELI,BUYUKGOKCELI,25,563912.27,4193610.81,996.83
BUYUKGOKCELI,BUYUKGOKCELI,25,563912.39,4193611.38,997.44
BUYUKGOKCELI,BUYUKGOKCELI,25,563912.99,4193614.21,997.64
BUYUKGOKCELI,BUYUKGOKCELI,25,563913.65,4193617.34,997.64
BUYUKGOKCELI,BUYUKGOKCELI,25,563914.51,4193621.4,995.42
BUYUKGOKCELI,BUYUKGOKCELI,25,563915.29,4193625.06,995.12
BUYUKGOKCELI,BUYUKGOKCELI,26,563847.81,4193598.22,998.33
BUYUKGOKCELI,BUYUKGOKCELI,26,563847.62,4193602.26,998.39
BUYUKGOKCELI,BUYUKGOKCELI,26,563847.4,4193607.09,998.33
BUYUKGOKCELI,BUYUKGOKCELI,26,563847.29,4193609.46,999.17
BUYUKGOKCELI,BUYUKGOKCELI,26,563847.2,4193611.47,998.33
BUYUKGOKCELI,BUYUKGOKCELI,26,563847.12,4193613.36,997.97
BUYUKGOKCELI,BUYUKGOKCELI,26,563847.07,4193614.35,996.47
BUYUKGOKCELI,BUYUKGOKCELI,26,563847.03,4193615.2,996.44
BUYUKGOKCELI,BUYUKGOKCELI,26,563846.98,4193616.32,996.47
BUYUKGOKCELI,BUYUKGOKCELI,26,563846.94,4193617.29,997.52
BUYUKGOKCELI,BUYUKGOKCELI,26,563846.89,4193618.38,997.07
BUYUKGOKCELI,BUYUKGOKCELI,26,563846.72,4193622.03,997.01
BUYUKGOKCELI,BUYUKGOKCELI,26,563846.52,4193626.45,997.31
BUYUKGOKCELI,BUYUKGOKCELI,26,563846.34,4193630.25,997.43
BUYUKGOKCELI,BUYUKGOKCELI,26,563846.24,4193632.54,997.43
BUYUKGOKCELI,BUYUKGOKCELI,27,563798.18,4193602.94,996.83
BUYUKGOKCELI,BUYUKGOKCELI,27,563798.94,4193605,996.83
BUYUKGOKCELI,BUYUKGOKCELI,27,563799.82,4193607.38,996.83
BUYUKGOKCELI,BUYUKGOKCELI,27,563800.93,4193610.4,996.77
BUYUKGOKCELI,BUYUKGOKCELI,27,563801.93,4193613.13,996.68
BUYUKGOKCELI,BUYUKGOKCELI,27,563803.15,4193616.45,996.65
BUYUKGOKCELI,BUYUKGOKCELI,27,563803.5,4193617.38,996.93
BUYUKGOKCELI,BUYUKGOKCELI,27,563804.11,4193619.04,995.03
BUYUKGOKCELI,BUYUKGOKCELI,27,563804.32,4193619.62,995
BUYUKGOKCELI,BUYUKGOKCELI,27,563804.47,4193620.02,995.03
BUYUKGOKCELI,BUYUKGOKCELI,27,563804.69,4193620.63,996.06
BUYUKGOKCELI,BUYUKGOKCELI,27,563805.58,4193623.04,995.99
BUYUKGOKCELI,BUYUKGOKCELI,27,563806.97,4193626.83,995.81
BUYUKGOKCELI,BUYUKGOKCELI,27,563808.28,4193630.38,995.72
BUYUKGOKCELI,BUYUKGOKCELI,27,563809.4,4193633.43,995.69
BUYUKGOKCELI,BUYUKGOKCELI,27,563810.17,4193635.52,995.69
BUYUKGOKCELI,BUYUKGOKCELI,28,563776.68,4193605.79,995.42
BUYUKGOKCELI,BUYUKGOKCELI,28,563778.25,4193608.18,995.42
BUYUKGOKCELI,BUYUKGOKCELI,28,563780.53,4193611.63,995.48
BUYUKGOKCELI,BUYUKGOKCELI,28,563782.98,4193615.34,995.48
BUYUKGOKCELI,BUYUKGOKCELI,28,563784.67,4193617.91,995.69
BUYUKGOKCELI,BUYUKGOKCELI,28,563785.81,4193619.64,995.35
BUYUKGOKCELI,BUYUKGOKCELI,28,563786.34,4193620.44,993.8
BUYUKGOKCELI,BUYUKGOKCELI,28,563787.18,4193621.72,993.74
BUYUKGOKCELI,BUYUKGOKCELI,28,563787.7,4193622.5,993.8
BUYUKGOKCELI,BUYUKGOKCELI,28,563788.42,4193623.59,995.44
BUYUKGOKCELI,BUYUKGOKCELI,28,563790.21,4193626.3,995.54
BUYUKGOKCELI,BUYUKGOKCELI,28,563792.23,4193629.38,995.57
BUYUKGOKCELI,BUYUKGOKCELI,28,563794.87,4193633.38,995.48
BUYUKGOKCELI,BUYUKGOKCELI,28,563797.06,4193636.7,995.51
BUYUKGOKCELI,BUYUKGOKCELI,29,563744.75,4193611.17,994.07
BUYUKGOKCELI,BUYUKGOKCELI,29,563745.33,4193614.88,994.07
BUYUKGOKCELI,BUYUKGOKCELI,29,563745.85,4193618.19,993.89
BUYUKGOKCELI,BUYUKGOKCELI,29,563746.2,4193620.4,993.83
BUYUKGOKCELI,BUYUKGOKCELI,29,563746.68,4193623.48,993.95
BUYUKGOKCELI,BUYUKGOKCELI,29,563747.08,4193626.03,993.91
BUYUKGOKCELI,BUYUKGOKCELI,29,563747.3,4193627.43,991.79
BUYUKGOKCELI,BUYUKGOKCELI,29,563747.47,4193628.45,991.73
BUYUKGOKCELI,BUYUKGOKCELI,29,563747.66,4193629.71,991.79
BUYUKGOKCELI,BUYUKGOKCELI,29,563747.84,4193630.86,993.57
BUYUKGOKCELI,BUYUKGOKCELI,29,563748.2,4193633.12,993.92
BUYUKGOKCELI,BUYUKGOKCELI,29,563748.62,4193635.81,994.04
BUYUKGOKCELI,BUYUKGOKCELI,29,563748.86,4193637.33,993.83
BUYUKGOKCELI,BUYUKGOKCELI,29,563749.07,4193638.64,993.38
BUYUKGOKCELI,BUYUKGOKCELI,29,563749.46,4193641.17,993.41
BUYUKGOKCELI,BUYUKGOKCELI,29,563749.89,4193643.88,993.41
BUYUKGOKCELI,BUYUKGOKCELI,29,563750.19,4193645.81,993.41
BUYUKGOKCELI,BUYUKGOKCELI,30,563693.92,4193626.41,990.95
BUYUKGOKCELI,BUYUKGOKCELI,30,563694.68,4193628.54,990.95
BUYUKGOKCELI,BUYUKGOKCELI,30,563695.56,4193631.02,990.89
BUYUKGOKCELI,BUYUKGOKCELI,30,563696.92,4193634.81,990.89
BUYUKGOKCELI,BUYUKGOKCELI,30,563697.93,4193637.65,990.95
BUYUKGOKCELI,BUYUKGOKCELI,30,563698.97,4193640.55,991.05
BUYUKGOKCELI,BUYUKGOKCELI,30,563699.54,4193642.15,989
BUYUKGOKCELI,BUYUKGOKCELI,30,563699.78,4193642.83,988.91
BUYUKGOKCELI,BUYUKGOKCELI,30,563700.12,4193643.77,989
BUYUKGOKCELI,BUYUKGOKCELI,30,563700.78,4193645.61,990.86
BUYUKGOKCELI,BUYUKGOKCELI,30,563701.42,4193647.4,990.29
BUYUKGOKCELI,BUYUKGOKCELI,30,563702.32,4193649.93,990.29
BUYUKGOKCELI,BUYUKGOKCELI,30,563703.41,4193652.97,990.29
BUYUKGOKCELI,BUYUKGOKCELI,30,563704.83,4193656.95,990.47
BUYUKGOKCELI,BUYUKGOKCELI,30,563705.83,4193659.74,990.47
BUYUKGOKCELI,BUYUKGOKCELI,31,563648.29,4193642.84,988.07
BUYUKGOKCELI,BUYUKGOKCELI,31,563649.45,4193647.29,988.01
BUYUKGOKCELI,BUYUKGOKCELI,31,563650.58,4193651.66,988.01
BUYUKGOKCELI,BUYUKGOKCELI,31,563651.49,4193655.17,988.01
BUYUKGOKCELI,BUYUKGOKCELI,31,563652.06,4193657.36,987.83
BUYUKGOKCELI,BUYUKGOKCELI,31,563652.58,4193659.34,986.09
BUYUKGOKCELI,BUYUKGOKCELI,31,563652.87,4193660.46,986
BUYUKGOKCELI,BUYUKGOKCELI,31,563653.09,4193661.32,986.09
BUYUKGOKCELI,BUYUKGOKCELI,31,563653.81,4193664.09,988.23
BUYUKGOKCELI,BUYUKGOKCELI,31,563654.98,4193668.59,988.25
BUYUKGOKCELI,BUYUKGOKCELI,31,563655.49,4193670.55,987.71
BUYUKGOKCELI,BUYUKGOKCELI,31,563656.49,4193674.39,987.65
BUYUKGOKCELI,BUYUKGOKCELI,31,563657.59,4193678.61,987.65
BUYUKGOKCELI,BUYUKGOKCELI,32,563605.28,4193652.82,985.19
BUYUKGOKCELI,BUYUKGOKCELI,32,563605.02,4193656.6,985.07
BUYUKGOKCELI,BUYUKGOKCELI,32,563604.78,4193660.24,985.07
BUYUKGOKCELI,BUYUKGOKCELI,32,563604.4,4193665.7,985.01
BUYUKGOKCELI,BUYUKGOKCELI,32,563604.23,4193668.17,985.01
BUYUKGOKCELI,BUYUKGOKCELI,32,563604.12,4193669.86,983.09
BUYUKGOKCELI,BUYUKGOKCELI,32,563604.05,4193670.81,983.03
BUYUKGOKCELI,BUYUKGOKCELI,32,563603.99,4193671.67,983.09
BUYUKGOKCELI,BUYUKGOKCELI,32,563603.87,4193673.49,984.61
BUYUKGOKCELI,BUYUKGOKCELI,32,563603.73,4193675.49,985.19
BUYUKGOKCELI,BUYUKGOKCELI,32,563603.45,4193679.66,985.31
BUYUKGOKCELI,BUYUKGOKCELI,32,563603.28,4193682.06,984.65
BUYUKGOKCELI,BUYUKGOKCELI,32,563603,4193686.18,984.53
BUYUKGOKCELI,BUYUKGOKCELI,32,563602.82,4193688.81,984.53
BUYUKGOKCELI,BUYUKGOKCELI,33,563538.91,4193650.5,981.77
BUYUKGOKCELI,BUYUKGOKCELI,33,563538.74,4193652.95,981.77
BUYUKGOKCELI,BUYUKGOKCELI,33,563538.49,4193656.54,981.65
BUYUKGOKCELI,BUYUKGOKCELI,33,563538.29,4193659.47,981.59
BUYUKGOKCELI,BUYUKGOKCELI,33,563538.03,4193663.37,981.47
BUYUKGOKCELI,BUYUKGOKCELI,33,563537.88,4193665.48,981.3
BUYUKGOKCELI,BUYUKGOKCELI,33,563537.79,4193666.86,979.85
BUYUKGOKCELI,BUYUKGOKCELI,33,563537.72,4193667.87,979.79
BUYUKGOKCELI,BUYUKGOKCELI,33,563537.61,4193669.42,979.85
BUYUKGOKCELI,BUYUKGOKCELI,33,563537.51,4193670.93,981.36
BUYUKGOKCELI,BUYUKGOKCELI,33,563537.28,4193674.25,981.89
BUYUKGOKCELI,BUYUKGOKCELI,33,563537.05,4193677.61,981.23
BUYUKGOKCELI,BUYUKGOKCELI,33,563536.94,4193679.22,980.87
BUYUKGOKCELI,BUYUKGOKCELI,33,563536.48,4193686,980.69
BUYUKGOKCELI,BUYUKGOKCELI,34,563480.69,4193640.9,980.39
BUYUKGOKCELI,BUYUKGOKCELI,34,563479.07,4193645.02,980.27
BUYUKGOKCELI,BUYUKGOKCELI,34,563477.41,4193649.25,980.15
BUYUKGOKCELI,BUYUKGOKCELI,34,563476.3,4193652.08,979.91
BUYUKGOKCELI,BUYUKGOKCELI,34,563475.2,4193654.88,979.89
BUYUKGOKCELI,BUYUKGOKCELI,34,563474.52,4193656.58,978.5
BUYUKGOKCELI,BUYUKGOKCELI,34,563474.26,4193657.25,978.44
BUYUKGOKCELI,BUYUKGOKCELI,34,563473.87,4193658.25,978.5
BUYUKGOKCELI,BUYUKGOKCELI,34,563473.2,4193659.96,980.03
BUYUKGOKCELI,BUYUKGOKCELI,34,563472.18,4193662.54,979.73
BUYUKGOKCELI,BUYUKGOKCELI,34,563471.16,4193665.13,979.31
BUYUKGOKCELI,BUYUKGOKCELI,34,563469.43,4193669.54,978.77
BUYUKGOKCELI,BUYUKGOKCELI,34,563467.56,4193674.28,978.71
BUYUKGOKCELI,BUYUKGOKCELI,35,563407.77,4193620.3,977.57
BUYUKGOKCELI,BUYUKGOKCELI,35,563406.63,4193623.38,977.51
BUYUKGOKCELI,BUYUKGOKCELI,35,563404.42,4193629.38,977.63
BUYUKGOKCELI,BUYUKGOKCELI,35,563403.1,4193632.95,977.63
BUYUKGOKCELI,BUYUKGOKCELI,35,563402.13,4193635.6,977.54
BUYUKGOKCELI,BUYUKGOKCELI,35,563401.98,4193635.99,976.7
BUYUKGOKCELI,BUYUKGOKCELI,35,563401.93,4193636.14,976.67
BUYUKGOKCELI,BUYUKGOKCELI,35,563401.85,4193636.36,976.7
BUYUKGOKCELI,BUYUKGOKCELI,35,563401.79,4193636.52,977.54
BUYUKGOKCELI,BUYUKGOKCELI,35,563401.08,4193638.44,977.57
BUYUKGOKCELI,BUYUKGOKCELI,35,563399.55,4193642.58,977.57
BUYUKGOKCELI,BUYUKGOKCELI,35,563398.14,4193646.43,977.57
BUYUKGOKCELI,BUYUKGOKCELI,35,563396.25,4193651.55,977.63
BUYUKGOKCELI,BUYUKGOKCELI,36,563399.58,4193617.71,977.63
BUYUKGOKCELI,BUYUKGOKCELI,36,563398.61,4193620.7,977.63
BUYUKGOKCELI,BUYUKGOKCELI,36,563397.85,4193623.04,977.57
BUYUKGOKCELI,BUYUKGOKCELI,36,563395.7,4193629.63,977.39
BUYUKGOKCELI,BUYUKGOKCELI,36,563394.62,4193632.96,977.07
BUYUKGOKCELI,BUYUKGOKCELI,36,563394.55,4193633.17,976.37
BUYUKGOKCELI,BUYUKGOKCELI,36,563394.44,4193633.5,976.34
BUYUKGOKCELI,BUYUKGOKCELI,36,563394.16,4193634.38,976.37
BUYUKGOKCELI,BUYUKGOKCELI,36,563393.82,4193635.41,977.56
BUYUKGOKCELI,BUYUKGOKCELI,36,563393.11,4193637.58,977.87
BUYUKGOKCELI,BUYUKGOKCELI,36,563391.92,4193641.24,977.93
BUYUKGOKCELI,BUYUKGOKCELI,36,563390.92,4193644.31,978.05
BUYUKGOKCELI,BUYUKGOKCELI,36,563390.43,4193645.82,977.63
BUYUKGOKCELI,BUYUKGOKCELI,36,563389.16,4193649.74,977.33
BUYUKGOKCELI,BUYUKGOKCELI,37,563375.58,4193605.41,976.97
BUYUKGOKCELI,BUYUKGOKCELI,37,563374.68,4193608.05,977.03
BUYUKGOKCELI,BUYUKGOKCELI,37,563373.39,4193611.83,976.91
BUYUKGOKCELI,BUYUKGOKCELI,37,563371.72,4193616.77,976.79
BUYUKGOKCELI,BUYUKGOKCELI,37,563370.67,4193619.85,976.34
BUYUKGOKCELI,BUYUKGOKCELI,37,563370.26,4193621.05,975.74
BUYUKGOKCELI,BUYUKGOKCELI,37,563370.12,4193621.47,975.68
BUYUKGOKCELI,BUYUKGOKCELI,37,563369.89,4193622.14,975.74
BUYUKGOKCELI,BUYUKGOKCELI,37,563369.49,4193623.32,976.14
BUYUKGOKCELI,BUYUKGOKCELI,37,563368.63,4193625.85,976.73
BUYUKGOKCELI,BUYUKGOKCELI,37,563367.44,4193629.37,976.61
BUYUKGOKCELI,BUYUKGOKCELI,37,563366.64,4193631.73,976.49
BUYUKGOKCELI,BUYUKGOKCELI,37,563365.79,4193634.21,976.61
BUYUKGOKCELI,BUYUKGOKCELI,37,563364.62,4193637.66,977.57
